Id,ActivityDay,SedentaryMinutes,LightlyActiveMinutes,FairlyActiveMinutes,VeryActiveMinutes,SedentaryActiveDistance,LightActiveDistance,ModeratelyActiveDistance,VeryActiveDistance
1503960366,04/12/2016,728,328,13,25,0.0,6.1,0.6,1.9
1503960366,13/04/2016,776,217,19,21,0.0,4.7,0.7,1.6
1503960366,14/04/2016,1218,181,11,30,0.0,3.9,0.4,2.4
1503960366,15/04/2016,726,209,34,29,0.0,2.8,1.3,2.1
1503960366,16/04/2016,773,221,10,36,0.0,5.0,0.4,2.7
1503960366,17/04/2016,539,164,20,38,0.0,2.5,0.8,3.2
1503960366,18/04/2016,1149,233,16,42,0.0,4.7,0.6,3.3
1503960366,19/04/2016,775,264,31,50,0.0,5.0,1.3,3.5
1503960366,20/04/2016,818,205,12,28,0.0,4.2,0.5,2.0
1503960366,21/04/2016,838,211,8,19,0.0,4.7,0.3,1.3
1503960366,22/04/2016,1217,130,27,66,0.0,2.2,1.1,4.8
1503960366,23/04/2016,732,262,21,41,0.0,5.4,0.9,2.8
1503960366,24/04/2016,709,238,5,39,0.0,3.3,0.2,2.9
1503960366,25/04/2016,814,216,14,73,0.0,3.9,0.6,5.3
1503960366,26/04/2016,833,279,23,31,0.0,5.5,0.9,2.3
1503960366,27/04/2016,1108,243,11,78,0.0,5.4,0.4,6.4
1503960366,28/04/2016,782,189,28,48,0.0,3.8,1.2,3.5
1503960366,29/04/2016,815,243,12,16,0.0,5.6,0.5,1.1
1503960366,30/04/2016,712,217,34,52,0.0,4.3,1.4,3.6
1503960366,05/01/2016,730,246,35,33,0.0,2.9,1.6,2.3
1503960366,05/02/2016,798,277,15,41,0.0,5.9,0.6,3.2
1503960366,05/03/2016,816,254,24,50,0.0,4.9,1.0,3.7
1503960366,05/04/2016,1179,203,22,36,0.0,3.8,0.9,2.5
1503960366,05/05/2016,857,250,24,45,0.0,4.9,1.1,2.9
1503960366,05/06/2016,754,289,6,24,0.0,5.8,0.3,2.0
1503960366,05/07/2016,833,175,46,37,0.0,3.1,2.1,2.5
1503960366,05/08/2016,574,203,8,44,0.0,2.7,0.3,3.5
1503960366,05/09/2016,835,206,11,46,0.0,3.7,0.5,3.5
1503960366,05/10/2016,746,214,31,46,0.0,3.3,1.2,3.3
1503960366,05/11/2016,669,251,23,36,0.0,4.6,1.0,2.6
1503960366,05/12/2016,1440,0,0,0,0.0,0.0,0.0,0.0
1624580081,04/12/2016,1294,146,0,0,0.0,5.3,0.0,0.0
1624580081,13/04/2016,1292,148,0,0,0.0,4.6,0.0,0.0
1624580081,14/04/2016,1204,236,0,0,0.01,5.9,0.0,0.0
1624580081,15/04/2016,1344,96,0,0,0.0,1.0,0.0,0.0
1624580081,16/04/2016,1264,176,0,0,0.0,3.5,0.0,0.0
1624580081,17/04/2016,1276,127,22,15,0.01,1.5,1.5,1.0
1624580081,18/04/2016,1214,202,7,17,0.01,4.6,0.6,2.2
1624580081,19/04/2016,1299,141,0,0,0.0,1.9,0.0,0.0
1624580081,20/04/2016,1289,151,0,0,0.0,3.2,0.0,0.0
1624580081,21/04/2016,1254,186,0,0,0.02,4.1,0.0,0.0
1624580081,22/04/2016,1241,199,0,0,0.0,2.6,0.0,0.0
1624580081,23/04/2016,1213,227,0,0,0.01,5.5,0.0,0.0
1624580081,24/04/2016,1221,185,18,16,0.0,1.9,0.9,1.1
1624580081,25/04/2016,1238,202,0,0,0.02,4.2,0.0,0.0
1624580081,26/04/2016,1300,140,0,0,0.01,1.8,0.0,0.0
1624580081,27/04/2016,1233,154,36,17,0.0,2.5,1.9,1.1
1624580081,28/04/2016,1320,115,5,0,0.0,1.6,0.2,0.0
1624580081,29/04/2016,1290,150,0,0,0.0,1.5,0.0,0.0
1624580081,30/04/2016,1182,224,23,11,0.01,2.1,1.3,0.9
1624580081,05/01/2016,1020,171,63,186,0.02,1.9,4.2,21.9
1624580081,05/02/2016,1261,166,6,7,0.0,3.5,0.6,0.9
1624580081,05/03/2016,1344,96,0,0,0.02,1.3,0.0,0.0
1624580081,05/04/2016,1322,118,0,0,0.0,1.4,0.0,0.0
1624580081,05/05/2016,1323,117,0,0,0.02,1.6,0.0,0.0
1624580081,05/06/2016,1338,102,0,0,0.01,1.1,0.0,0.0
1624580081,05/07/2016,1258,182,0,0,0.0,1.4,0.0,0.0
1624580081,05/08/2016,1288,152,0,0,0.0,2.2,0.0,0.0
1624580081,05/09/2016,1349,91,0,0,0.0,1.1,0.0,0.0
1624580081,05/10/2016,1301,139,0,0,0.01,1.9,0.0,0.0
1624580081,05/11/2016,1328,112,0,0,0.0,2.0,0.0,0.0
1624580081,05/12/2016,890,107,0,0,0.01,1.9,0.0,0.0
1644430081,04/12/2016,1131,256,51,2,0.0,5.3,2.3,0.1
1644430081,13/04/2016,1259,135,16,30,0.0,2.6,0.9,2.3
1644430081,14/04/2016,1125,252,58,5,0.0,5.1,2.6,0.4
1644430081,15/04/2016,1263,170,4,3,0.0,3.5,0.2,0.2
1644430081,16/04/2016,1135,212,42,51,0.0,5.1,1.9,4.1
1644430081,17/04/2016,1212,186,13,29,0.0,3.5,0.6,2.3
1644430081,18/04/2016,1271,121,33,15,0.0,2.5,1.7,1.1
1644430081,19/04/2016,1099,278,58,5,0.0,5.3,2.5,0.4
1644430081,20/04/2016,1315,125,0,0,0.01,1.8,0.0,0.0
1644430081,21/04/2016,1402,38,0,0,0.01,0.9,0.0,0.0
1644430081,22/04/2016,1354,86,0,0,0.01,2.7,0.0,0.0
1644430081,23/04/2016,1265,160,15,0,0.0,4.3,0.6,0.0
1644430081,24/04/2016,1351,89,0,0,0.0,2.4,0.0,0.0
1644430081,25/04/2016,1337,94,1,8,0.0,2.0,0.1,0.6
1644430081,26/04/2016,1165,223,41,11,0.0,4.7,1.7,0.8
1644430081,27/04/2016,1322,118,0,0,0.0,2.2,0.0,0.0
1644430081,28/04/2016,1157,227,53,3,0.0,4.3,2.3,0.2
1644430081,29/04/2016,1193,120,0,0,0.0,2.3,0.0,0.0
1644430081,30/04/2016,816,402,71,9,0.0,9.5,3.1,0.6
1644430081,05/01/2016,908,146,24,3,0.0,3.2,1.0,0.2
1644430081,05/02/2016,682,148,7,1,0.0,2.3,0.3,0.1
1644430081,05/03/2016,1115,221,94,10,0.0,4.5,4.1,0.7
1644430081,05/04/2016,1388,52,0,0,0.02,1.7,0.0,0.0
1644430081,05/05/2016,1341,81,12,6,0.01,2.1,0.5,0.5
1644430081,05/06/2016,1054,369,6,11,0.02,6.0,0.3,0.8
1644430081,05/07/2016,1139,243,17,41,0.01,5.7,0.8,3.3
1644430081,05/08/2016,991,295,0,0,0.0,4.9,0.0,0.0
1644430081,05/09/2016,1099,303,6,32,0.01,2.1,0.3,2.4
1644430081,05/10/2016,1254,155,19,12,0.01,5.0,0.8,0.9
1644430081,05/11/2016,713,49,0,0,0.01,0.9,0.0,0.0
1844505072,04/12/2016,1101,339,0,0,0.0,4.4,0.0,0.0
1844505072,13/04/2016,1192,248,0,0,0.0,3.3,0.0,0.0
1844505072,14/04/2016,843,373,0,0,0.0,5.2,0.0,0.0
1844505072,15/04/2016,527,176,0,0,0.0,2.5,0.0,0.0
1844505072,16/04/2016,1293,147,0,0,0.0,2.3,0.0,0.0
1844505072,17/04/2016,1231,199,8,2,0.0,2.6,0.3,0.1
1844505072,18/04/2016,1211,217,12,0,0.0,2.6,0.5,0.0
1844505072,19/04/2016,1430,10,0,0,0.0,0.1,0.0,0.0
1844505072,20/04/2016,1439,1,0,0,0.0,0.0,0.0,0.0
1844505072,21/04/2016,1117,308,13,2,0.0,4.7,0.5,0.1
1844505072,22/04/2016,1220,220,0,0,0.0,3.5,0.0,0.0
1844505072,23/04/2016,1301,139,0,0,0.0,2.4,0.0,0.0
1844505072,24/04/2016,1440,0,0,0,0.0,0.0,0.0,0.0
1844505072,25/04/2016,1440,0,0,0,0.0,0.0,0.0,0.0
1844505072,26/04/2016,1440,0,0,0,0.0,0.0,0.0,0.0
1844505072,27/04/2016,1439,1,0,0,0.0,0.0,0.0,0.0
1844505072,28/04/2016,1138,302,0,0,0.0,4.6,0.0,0.0
1844505072,29/04/2016,1082,247,0,0,0.0,3.3,0.0,0.0
1844505072,30/04/2016,218,184,0,0,0.0,2.7,0.0,0.0
1844505072,05/01/2016,585,75,7,0,0.0,1.5,0.3,0.0
1844505072,05/02/2016,1440,0,0,0,0.0,0.0,0.0,0.0
1844505072,05/03/2016,1256,184,0,0,0.0,2.7,0.0,0.0
1844505072,05/04/2016,1353,87,0,0,0.0,1.4,0.0,0.0
1844505072,05/05/2016,1320,120,0,0,0.0,1.5,0.0,0.0
1844505072,05/06/2016,1438,2,0,0,0.0,0.0,0.0,0.0
1844505072,05/07/2016,1440,0,0,0,0.0,0.0,0.0,0.0
1844505072,05/08/2016,1440,0,0,0,0.0,0.0,0.0,0.0
1844505072,05/09/2016,1440,0,0,0,0.0,0.0,0.0,0.0
1844505072,05/10/2016,1440,0,0,0,0.0,0.0,0.0,0.0
1844505072,05/11/2016,1440,0,0,0,0.0,0.0,0.0,0.0
1844505072,05/12/2016,711,0,0,0,0.0,0.0,0.0,0.0
1927972279,04/12/2016,734,55,0,0,0.0,0.5,0.0,0.0
1927972279,13/04/2016,986,32,0,0,0.0,0.3,0.0,0.0
1927972279,14/04/2016,1292,88,9,0,0.0,1.1,0.4,0.0
1927972279,15/04/2016,941,51,0,0,0.0,0.7,0.0,0.0
1927972279,16/04/2016,1440,0,0,0,0.0,0.0,0.0,0.0
1927972279,17/04/2016,1440,0,0,0,0.0,0.0,0.0,0.0
1927972279,18/04/2016,1423,17,0,0,0.0,0.2,0.0,0.0
1927972279,19/04/2016,1440,0,0,0,0.0,0.0,0.0,0.0
1927972279,20/04/2016,1440,0,0,0,0.0,0.0,0.0,0.0
1927972279,21/04/2016,1440,0,0,0,0.0,0.0,0.0,0.0
1927972279,22/04/2016,1430,10,0,0,0.0,0.1,0.0,0.0
1927972279,23/04/2016,1295,145,0,0,0.0,2.0,0.0,0.0
1927972279,24/04/2016,1358,75,6,1,0.0,1.1,0.2,0.1
1927972279,25/04/2016,1303,12,0,0,0.0,0.1,0.0,0.0
1927972279,26/04/2016,1058,192,0,0,0.0,2.6,0.0,0.0
1927972279,27/04/2016,1440,0,0,0,0.0,0.0,0.0,0.0
1927972279,28/04/2016,1167,95,0,0,0.0,1.2,0.0,0.0
1927972279,29/04/2016,1440,0,0,0,0.0,0.0,0.0,0.0
1927972279,30/04/2016,1440,0,0,0,0.0,0.0,0.0,0.0
1927972279,05/01/2016,1355,70,1,14,0.0,0.8,0.0,1.0
1927972279,05/02/2016,1322,94,8,16,0.0,1.2,0.3,1.2
1927972279,05/03/2016,1413,17,0,10,0.0,0.2,0.0,0.7
1927972279,05/04/2016,1353,87,0,0,0.0,1.2,0.0,0.0
1927972279,05/05/2016,1440,0,0,0,0.0,0.0,0.0,0.0
1927972279,05/06/2016,1332,108,0,0,0.0,1.5,0.0,0.0
1927972279,05/07/2016,1392,48,0,0,0.0,1.0,0.0,0.0
1927972279,05/08/2016,1440,0,0,0,0.0,0.0,0.0,0.0
1927972279,05/09/2016,1440,0,0,0,0.0,0.0,0.0,0.0
1927972279,05/10/2016,1440,0,0,0,0.0,0.0,0.0,0.0
1927972279,05/11/2016,1440,0,0,0,0.0,0.0,0.0,0.0
1927972279,05/12/2016,966,0,0,0,0.0,0.0,0.0,0.0
2022484408,04/12/2016,1157,227,14,42,0.0,4.3,0.8,3.3
2022484408,13/04/2016,1100,292,5,43,0.0,5.4,0.1,3.0
2022484408,14/04/2016,1148,257,3,32,0.0,4.8,0.2,2.5
2022484408,15/04/2016,1122,282,9,27,0.0,5.8,0.3,1.9
2022484408,16/04/2016,1237,151,11,41,0.0,3.4,0.6,3.2
2022484408,17/04/2016,1052,331,29,28,0.0,6.9,0.7,3.9
2022484408,18/04/2016,1078,311,3,48,0.0,6.3,0.1,3.6
2022484408,19/04/2016,1152,250,7,31,0.0,5.0,0.2,3.3
2022484408,20/04/2016,1053,276,63,48,0.0,5.4,1.9,3.3
2022484408,21/04/2016,1028,255,53,104,0.0,4.3,1.1,3.3
2022484408,22/04/2016,1105,273,10,52,0.0,4.5,0.4,4.4
2022484408,23/04/2016,1191,249,0,0,0.0,4.2,0.0,0.0
2022484408,24/04/2016,1161,216,26,37,0.0,4.6,1.1,4.6
2022484408,25/04/2016,1171,217,8,44,0.0,4.5,0.2,3.3
2022484408,26/04/2016,1086,275,24,55,0.0,5.1,0.7,1.4
2022484408,27/04/2016,1119,282,20,19,0.0,5.1,1.0,1.0
2022484408,28/04/2016,1123,291,20,6,0.0,5.4,1.3,0.4
2022484408,29/04/2016,1098,281,40,21,0.0,5.5,1.2,0.5
2022484408,30/04/2016,1043,361,23,13,0.0,10.6,1.4,0.9
2022484408,05/01/2016,1142,245,28,25,0.0,4.5,1.0,1.9
2022484408,05/02/2016,1119,277,8,36,0.0,4.3,0.3,2.6
2022484408,05/03/2016,1104,250,14,72,0.0,4.3,0.5,4.0
2022484408,05/04/2016,1105,272,27,36,0.0,4.8,0.9,2.5
2022484408,05/05/2016,1112,253,20,55,0.0,4.7,0.9,2.8
2022484408,05/06/2016,1104,295,17,24,0.0,4.6,0.7,1.9
2022484408,05/07/2016,1269,149,2,20,0.0,3.0,0.1,1.6
2022484408,05/08/2016,1305,135,0,0,0.0,2.3,0.0,0.0
2022484408,05/09/2016,1061,297,47,35,0.0,5.6,1.6,2.1
2022484408,05/10/2016,1084,271,28,57,0.0,5.6,1.2,2.2
2022484408,05/11/2016,1133,224,25,58,0.0,4.0,1.1,4.2
2022484408,05/12/2016,728,236,16,16,0.0,4.4,0.7,1.3
2026352035,04/12/2016,706,181,8,3,0.0,2.2,0.3,0.2
2026352035,13/04/2016,663,238,0,0,0.0,3.1,0.0,0.0
2026352035,14/04/2016,653,197,0,0,0.0,2.0,0.0,0.0
2026352035,15/04/2016,687,188,0,0,0.0,2.4,0.0,0.0
2026352035,16/04/2016,728,150,0,0,0.0,1.6,0.0,0.0
2026352035,17/04/2016,1053,60,0,0,0.0,0.5,0.0,0.0
2026352035,18/04/2016,1062,182,0,0,0.0,2.1,0.0,0.0
2026352035,19/04/2016,785,141,0,0,0.0,1.5,0.0,0.0
2026352035,20/04/2016,623,327,0,0,0.0,4.5,0.0,0.0
2026352035,21/04/2016,749,153,0,0,0.0,1.5,0.0,0.0
2026352035,22/04/2016,712,162,0,0,0.0,1.8,0.0,0.0
2026352035,23/04/2016,458,432,0,0,0.0,7.7,0.0,0.0
2026352035,24/04/2016,704,164,0,0,0.0,2.2,0.0,0.0
2026352035,25/04/2016,821,260,0,0,0.0,3.7,0.0,0.0
2026352035,26/04/2016,1018,288,0,0,0.0,3.7,0.0,0.0
2026352035,27/04/2016,586,286,0,0,0.0,3.8,0.0,0.0
2026352035,28/04/2016,626,331,0,0,0.0,4.0,0.0,0.0
2026352035,29/04/2016,492,352,0,0,0.0,4.7,0.0,0.0
2026352035,30/04/2016,594,233,0,0,0.0,2.9,0.0,0.0
2026352035,05/01/2016,716,191,0,0,0.0,2.3,0.0,0.0
2026352035,05/02/2016,716,355,0,0,0.0,4.3,0.0,0.0
2026352035,05/03/2016,981,304,0,0,0.0,3.7,0.0,0.0
2026352035,05/04/2016,530,345,0,0,0.0,4.1,0.0,0.0
2026352035,05/05/2016,479,475,0,0,0.0,7.5,0.0,0.0
2026352035,05/06/2016,511,383,0,0,0.0,5.1,0.0,0.0
2026352035,05/07/2016,665,229,0,0,0.0,2.6,0.0,0.0
2026352035,05/08/2016,610,258,0,0,0.0,3.5,0.0,0.0
2026352035,05/09/2016,543,401,0,0,0.0,6.6,0.0,0.0
2026352035,05/10/2016,1002,17,0,0,0.0,0.2,0.0,0.0
2026352035,05/11/2016,569,330,0,0,0.0,5.3,0.0,0.0
2026352035,05/12/2016,330,343,0,0,0.0,5.5,0.0,0.0
2320127002,04/12/2016,1112,306,9,13,0.0,6.0,0.3,1.2
2320127002,13/04/2016,1105,335,0,0,0.0,4.9,0.0,0.0
2320127002,14/04/2016,1249,191,0,0,0.0,2.7,0.0,0.0
2320127002,15/04/2016,1195,245,0,0,0.0,3.5,0.0,0.0
2320127002,16/04/2016,1245,195,0,0,0.0,3.4,0.0,0.0
2320127002,17/04/2016,1191,249,0,0,0.0,4.2,0.0,0.0
2320127002,18/04/2016,1173,260,7,0,0.0,4.1,0.3,0.0
2320127002,19/04/2016,1201,228,11,0,0.0,3.7,0.4,0.0
2320127002,20/04/2016,1146,283,11,0,0.0,4.3,0.5,0.0
2320127002,21/04/2016,1302,127,10,1,0.0,1.8,0.4,0.1
2320127002,22/04/2016,1174,266,0,0,0.0,3.8,0.0,0.0
2320127002,23/04/2016,1129,242,0,0,0.0,3.4,0.0,0.0
2320127002,24/04/2016,1236,204,0,0,0.0,2.8,0.0,0.0
2320127002,25/04/2016,1280,152,5,3,0.0,2.0,0.2,0.2
2320127002,26/04/2016,1293,147,0,0,0.0,2.3,0.0,0.0
2320127002,27/04/2016,1358,82,0,0,0.0,1.2,0.0,0.0
2320127002,28/04/2016,1364,76,0,0,0.0,1.0,0.0,0.0
2320127002,29/04/2016,1395,45,0,0,0.0,0.6,0.0,0.0
2320127002,30/04/2016,1206,234,0,0,0.0,3.1,0.0,0.0
2320127002,05/01/2016,1400,40,0,0,0.0,0.5,0.0,0.0
2320127002,05/02/2016,1306,123,6,5,0.0,1.9,0.2,0.4
2320127002,05/03/2016,1204,206,10,20,0.0,3.2,0.4,1.5
2320127002,05/04/2016,1388,52,0,0,0.0,0.8,0.0,0.0
2320127002,05/05/2016,1206,223,11,0,0.0,3.1,0.4,0.0
2320127002,05/06/2016,1236,204,0,0,0.0,3.3,0.0,0.0
2320127002,05/07/2016,1121,319,0,0,0.0,5.0,0.0,0.0
2320127002,05/08/2016,1193,247,0,0,0.0,3.5,0.0,0.0
2320127002,05/09/2016,1295,145,0,0,0.0,2.1,0.0,0.0
2320127002,05/10/2016,1150,290,0,0,0.0,4.2,0.0,0.0
2320127002,05/11/2016,1140,300,0,0,0.0,4.3,0.0,0.0
2320127002,05/12/2016,830,128,0,0,0.0,1.8,0.0,0.0
2347167796,04/12/2016,964,320,13,28,0.0,4.2,0.6,2.0
2347167796,13/04/2016,676,195,32,19,0.0,3.4,1.9,1.7
2347167796,14/04/2016,705,206,48,1,0.0,3.9,2.7,0.0
2347167796,15/04/2016,720,284,24,1,0.0,5.4,1.4,0.1
2347167796,16/04/2016,968,268,72,66,0.0,5.5,4.1,5.4
2347167796,17/04/2016,508,249,7,1,0.0,3.3,0.3,0.1
2347167796,18/04/2016,678,206,16,11,0.0,3.8,0.9,0.8
2347167796,19/04/2016,648,382,7,0,0.0,4.4,0.0,0.0
2347167796,20/04/2016,1011,269,43,11,0.0,4.8,1.8,0.7
2347167796,21/04/2016,761,208,26,23,0.0,3.4,1.5,1.9
2347167796,22/04/2016,781,206,27,9,0.0,2.9,1.7,0.6
2347167796,23/04/2016,591,360,35,32,0.0,7.2,1.5,2.8
2347167796,24/04/2016,584,360,0,0,0.0,6.3,0.0,0.0
2347167796,25/04/2016,653,277,11,15,0.0,4.6,0.5,1.3
2347167796,26/04/2016,732,227,0,0,0.0,4.0,0.0,0.0
2347167796,27/04/2016,623,295,9,26,0.0,5.3,0.4,1.9
2347167796,28/04/2016,764,229,0,0,0.0,3.6,0.0,0.0
2347167796,29/04/2016,2,4,0,0,0.0,0.0,0.0,0.0
2873212765,04/12/2016,1061,356,21,2,0.0,4.9,0.9,0.1
2873212765,13/04/2016,1028,404,8,0,0.02,4.9,0.2,0.0
2873212765,14/04/2016,1109,331,0,0,0.0,5.3,0.0,0.0
2873212765,15/04/2016,992,448,0,0,0.01,5.7,0.0,0.0
2873212765,16/04/2016,1087,305,1,47,0.01,3.5,0.0,3.1
2873212765,17/04/2016,1272,160,8,0,0.0,1.3,0.3,0.0
2873212765,18/04/2016,1122,311,6,1,0.0,4.9,0.3,0.1
2873212765,19/04/2016,1051,389,0,0,0.0,5.4,0.0,0.0
2873212765,20/04/2016,1035,378,5,22,0.01,4.7,0.1,1.5
2873212765,21/04/2016,1057,371,10,2,0.01,5.5,0.4,0.1
2873212765,22/04/2016,1028,366,0,46,0.02,4.4,0.0,0.5
2873212765,23/04/2016,1077,330,5,28,0.01,4.0,0.2,2.1
2873212765,24/04/2016,1203,190,1,46,0.0,1.6,0.1,3.0
2873212765,25/04/2016,1081,359,0,0,0.0,4.9,0.0,0.0
2873212765,26/04/2016,1124,309,5,2,0.0,5.2,0.2,0.1
2873212765,27/04/2016,1197,197,0,46,0.0,2.4,0.0,0.0
2873212765,28/04/2016,1192,213,7,28,0.0,2.9,0.3,2.2
2873212765,29/04/2016,1191,206,23,20,0.0,2.2,1.4,1.4
2873212765,30/04/2016,1167,248,20,5,0.01,4.3,1.1,0.3
2873212765,05/01/2016,1219,196,18,7,0.0,3.4,1.0,0.5
2873212765,05/02/2016,1099,334,7,0,0.02,4.8,0.2,0.0
2873212765,05/03/2016,1070,363,6,1,0.01,4.7,0.3,0.1
2873212765,05/04/2016,1020,420,0,0,0.0,5.6,0.0,0.0
2873212765,05/05/2016,1093,311,23,13,0.0,4.0,0.8,0.8
2873212765,05/06/2016,1065,370,5,0,0.01,4.6,0.1,0.0
2873212765,05/07/2016,1302,52,11,75,0.0,0.6,0.6,2.3
2873212765,05/08/2016,1068,326,0,46,0.0,2.6,0.0,2.9
2873212765,05/09/2016,1095,345,0,0,0.0,5.2,0.0,0.0
2873212765,05/10/2016,1067,373,0,0,0.01,5.6,0.0,0.0
2873212765,05/11/2016,1121,319,0,0,0.01,4.3,0.0,0.0
2873212765,05/12/2016,720,268,0,0,0.0,5.1,0.0,0.0
3372868164,04/12/2016,1160,280,0,0,0.01,3.2,0.0,0.0
3372868164,13/04/2016,1045,371,8,16,0.02,5.3,0.3,1.0
3372868164,14/04/2016,1039,370,25,6,0.01,4.7,1.0,0.3
3372868164,15/04/2016,1105,335,0,0,0.02,5.1,0.0,0.0
3372868164,16/04/2016,1084,356,0,0,0.03,4.7,0.0,0.0
3372868164,17/04/2016,1105,322,2,11,0.01,4.4,0.1,1.4
3372868164,18/04/2016,1070,343,7,20,0.0,3.3,0.2,1.1
3372868164,19/04/2016,1064,376,0,0,0.02,5.2,0.0,0.0
3372868164,20/04/2016,1148,274,3,15,0.02,2.4,0.1,0.8
3372868164,21/04/2016,1037,376,9,18,0.01,4.6,0.3,1.1
3372868164,22/04/2016,1234,206,0,0,0.01,2.6,0.0,0.0
3372868164,23/04/2016,1115,303,2,20,0.0,3.6,0.1,1.4
3372868164,24/04/2016,1127,292,7,14,0.02,3.5,0.2,0.9
3372868164,25/04/2016,1024,416,0,0,0.0,4.1,0.0,0.0
3372868164,26/04/2016,1083,333,2,22,0.01,3.9,0.1,1.9
3372868164,27/04/2016,1057,346,13,24,0.01,3.2,0.6,1.6
3372868164,28/04/2016,1055,385,0,0,0.0,3.8,0.0,0.0
3372868164,29/04/2016,1038,402,0,0,0.01,6.2,0.0,0.0
3372868164,30/04/2016,1119,300,4,17,0.01,2.4,0.1,1.1
3372868164,05/01/2016,842,172,0,0,0.0,2.1,0.0,0.0
3977333714,04/12/2016,777,131,19,44,0.0,2.0,0.9,3.1
3977333714,13/04/2016,754,153,46,31,0.0,2.5,2.1,2.0
3977333714,14/04/2016,801,214,23,5,0.0,3.8,1.0,0.3
3977333714,15/04/2016,644,183,42,15,0.0,3.3,1.8,1.0
3977333714,16/04/2016,663,153,83,31,0.0,3.0,4.0,2.0
3977333714,17/04/2016,600,205,58,11,0.0,3.9,2.3,0.7
3977333714,18/04/2016,605,214,95,4,0.0,3.8,3.7,0.3
3977333714,19/04/2016,738,221,67,19,0.0,4.0,2.5,2.2
3977333714,20/04/2016,845,164,98,2,0.0,3.3,4.3,0.2
3977333714,21/04/2016,712,242,0,0,0.0,4.1,0.0,0.0
3977333714,22/04/2016,731,188,12,33,0.0,3.1,0.6,2.3
3977333714,23/04/2016,724,252,92,0,0.0,3.8,4.2,0.0
3977333714,24/04/2016,660,129,95,30,0.0,2.2,4.6,3.3
3977333714,25/04/2016,781,133,9,50,0.0,2.4,0.4,5.6
3977333714,26/04/2016,797,170,95,7,0.0,3.0,4.2,0.4
3977333714,27/04/2016,714,176,10,0,0.0,4.6,0.4,0.0
3977333714,28/04/2016,804,190,8,15,0.0,3.2,0.3,1.4
3977333714,29/04/2016,744,150,32,36,0.0,2.7,1.3,3.7
3977333714,30/04/2016,687,194,52,43,0.0,3.4,2.1,3.7
3977333714,05/01/2016,691,124,40,41,0.0,2.4,2.0,2.7
3977333714,05/02/2016,713,176,143,24,0.0,3.0,6.5,1.5
3977333714,05/03/2016,594,258,41,47,0.0,4.5,1.7,3.3
3977333714,05/04/2016,852,142,96,14,0.0,2.9,4.6,1.8
3977333714,05/05/2016,680,178,88,14,0.0,2.7,4.1,1.8
3977333714,05/06/2016,676,168,55,29,0.0,2.7,2.5,3.1
3977333714,05/07/2016,703,208,86,0,0.0,3.6,4.1,0.0
3977333714,05/08/2016,688,171,116,9,0.0,3.2,5.2,0.7
3977333714,05/09/2016,1159,151,122,8,0.0,3.5,5.6,0.8
3977333714,05/10/2016,676,196,115,1,0.0,3.3,5.4,0.1
3977333714,05/11/2016,13,9,0,4,0.0,0.1,0.0,0.4
4020332650,04/12/2016,712,331,15,4,0.0,5.7,0.2,0.2
4020332650,13/04/2016,1440,0,0,0,0.0,0.0,0.0,0.0
4020332650,14/04/2016,1437,3,0,0,0.0,0.0,0.0,0.0
4020332650,15/04/2016,1299,87,18,36,0.0,0.8,0.4,0.2
4020332650,16/04/2016,1222,55,21,65,0.0,0.6,0.4,0.4
4020332650,17/04/2016,1438,2,0,0,0.0,0.0,0.0,0.0
4020332650,18/04/2016,1438,2,0,0,0.0,0.0,0.0,0.0
4020332650,19/04/2016,1440,0,0,0,0.0,0.0,0.0,0.0
4020332650,20/04/2016,1440,0,0,0,0.0,0.0,0.0,0.0
4020332650,21/04/2016,1440,0,0,0,0.0,0.0,0.0,0.0
4020332650,22/04/2016,1440,0,0,0,0.0,0.0,0.0,0.0
4020332650,23/04/2016,1440,0,0,0,0.0,0.0,0.0,0.0
4020332650,24/04/2016,1440,0,0,0,0.0,0.0,0.0,0.0
4020332650,25/04/2016,1440,0,0,0,0.0,0.0,0.0,0.0
4020332650,26/04/2016,1440,0,0,0,0.0,0.0,0.0,0.0
4020332650,27/04/2016,1440,0,0,0,0.0,0.0,0.0,0.0
4020332650,28/04/2016,1440,0,0,0,0.0,0.0,0.0,0.0
4020332650,29/04/2016,1440,0,0,0,0.0,0.0,0.0,0.0
4020332650,30/04/2016,1440,0,0,0,0.0,0.0,0.0,0.0
4020332650,05/01/2016,1440,0,0,0,0.0,0.0,0.0,0.0
4020332650,05/02/2016,1350,31,11,0,0.0,0.3,0.0,0.0
4020332650,05/03/2016,950,174,0,0,0.05,3.2,0.0,0.0
4020332650,05/04/2016,531,346,46,13,0.0,5.6,1.0,0.7
4020332650,05/05/2016,916,196,42,38,0.07,4.0,1.7,2.6
4020332650,05/06/2016,855,177,0,0,0.01,3.1,0.0,0.0
4020332650,05/07/2016,1256,184,0,0,0.0,3.6,0.0,0.0
4020332650,05/08/2016,775,263,0,0,0.0,4.2,0.0,0.0
4020332650,05/09/2016,1225,173,5,3,0.0,2.9,0.1,0.2
4020332650,05/10/2016,774,206,0,0,0.04,3.9,0.0,0.0
4020332650,05/11/2016,1296,134,8,2,0.0,2.3,0.2,0.1
4020332650,05/12/2016,721,21,0,0,0.0,0.4,0.0,0.0
4057192912,04/12/2016,1276,164,0,0,0.0,3.9,0.0,0.0
4057192912,13/04/2016,1280,160,0,0,0.0,4.4,0.0,0.0
4057192912,14/04/2016,1440,0,0,0,0.0,0.0,0.0,0.0
4057192912,15/04/2016,873,88,6,3,0.0,2.4,0.3,0.2
4319703577,04/12/2016,1440,0,0,0,0.0,0.0,0.0,0.0
4319703577,13/04/2016,1234,96,15,8,0.0,1.3,0.6,0.5
4319703577,14/04/2016,589,339,9,1,0.0,6.4,0.3,0.1
4319703577,15/04/2016,752,228,0,0,0.0,3.8,0.0,0.0
4319703577,16/04/2016,724,194,0,0,0.0,3.2,0.0,0.0
4319703577,17/04/2016,1363,3,0,0,0.0,0.0,0.0,0.0
4319703577,18/04/2016,824,58,9,1,0.0,1.1,0.3,0.1
4319703577,19/04/2016,604,311,0,0,0.0,6.0,0.0,0.0
4319703577,20/04/2016,671,306,18,0,0.0,5.3,0.7,0.0
4319703577,21/04/2016,1265,34,0,0,0.0,0.3,0.0,0.0
4319703577,22/04/2016,709,176,19,1,0.0,2.2,0.8,0.1
4319703577,23/04/2016,546,233,0,0,0.0,3.3,0.0,0.0
4319703577,24/04/2016,692,191,5,1,0.0,2.5,0.2,0.1
4319703577,25/04/2016,544,390,8,0,0.0,5.9,0.3,0.0
4319703577,26/04/2016,649,288,21,8,0.0,5.2,0.9,0.6
4319703577,27/04/2016,680,300,47,6,0.0,4.9,1.9,0.4
4319703577,28/04/2016,552,359,8,13,0.0,5.9,0.3,1.0
4319703577,29/04/2016,624,289,18,6,0.0,4.1,0.8,0.4
4319703577,30/04/2016,695,196,38,6,0.0,3.5,1.6,0.4
4319703577,05/01/2016,836,67,0,0,0.0,0.8,0.0,0.0
4319703577,05/02/2016,585,344,11,0,0.0,5.7,0.4,0.0
4319703577,05/03/2016,669,287,26,8,0.0,4.8,1.1,0.6
4319703577,05/04/2016,1106,313,13,8,0.0,5.8,0.6,0.6
4319703577,05/05/2016,957,328,34,27,0.0,5.4,1.4,2.6
4319703577,05/06/2016,692,314,11,6,0.0,5.5,0.5,0.4
4319703577,05/07/2016,586,279,28,3,0.0,4.1,1.0,0.2
4319703577,05/08/2016,603,153,0,0,0.0,2.5,0.0,0.0
4319703577,05/09/2016,490,374,14,2,0.0,6.3,0.6,0.1
4319703577,05/10/2016,555,329,12,3,0.0,5.7,0.5,0.2
4319703577,05/11/2016,574,311,18,3,0.0,5.2,0.7,0.2
4319703577,05/12/2016,0,2,0,0,0.0,0.0,0.0,0.0
4388161847,04/12/2016,1440,0,0,0,0.0,0.0,0.0,0.0
4388161847,13/04/2016,1275,150,14,1,0.0,3.9,0.6,0.1
4388161847,14/04/2016,945,219,35,10,0.0,5.6,1.1,0.1
4388161847,15/04/2016,837,299,0,0,0.0,6.7,0.0,0.0
4388161847,16/04/2016,609,253,9,6,0.0,4.4,0.4,0.2
4388161847,17/04/2016,721,201,0,0,0.0,3.6,0.0,0.0
4388161847,18/04/2016,1017,239,8,27,0.0,5.1,0.4,3.6
4388161847,19/04/2016,704,249,16,20,0.0,5.8,0.7,1.4
4388161847,20/04/2016,696,228,42,19,0.0,5.3,1.7,1.1
4388161847,21/04/2016,853,272,12,7,0.0,7.0,0.4,0.4
4388161847,22/04/2016,945,220,25,77,0.0,4.9,1.1,3.3
4388161847,23/04/2016,749,215,5,58,0.0,5.3,0.3,4.5
4388161847,24/04/2016,584,239,8,14,0.0,6.3,0.5,1.1
4388161847,25/04/2016,1054,301,31,11,0.0,7.8,1.4,0.7
4388161847,26/04/2016,673,224,23,14,0.0,5.3,1.1,0.9
4388161847,27/04/2016,684,241,48,11,0.0,5.4,2.5,0.7
4388161847,28/04/2016,878,234,9,19,0.0,6.0,0.4,1.3
4388161847,29/04/2016,1175,236,16,13,0.0,5.4,0.9,0.8
4388161847,30/04/2016,537,300,43,14,0.0,6.9,2.0,0.7
4388161847,05/01/2016,579,241,15,12,0.0,6.2,0.7,1.0
4388161847,05/02/2016,935,204,4,33,0.0,4.6,0.1,3.8
4388161847,05/03/2016,984,306,18,18,0.0,7.9,0.8,1.1
4388161847,05/04/2016,632,251,21,35,0.0,5.8,0.9,2.8
4388161847,05/05/2016,896,199,39,12,0.0,5.1,1.7,0.6
4388161847,05/06/2016,1100,262,45,33,0.0,5.9,2.1,2.1
4388161847,05/07/2016,508,260,56,120,0.0,5.3,2.8,9.4
4388161847,05/08/2016,576,178,38,107,0.0,3.2,1.3,9.9
4388161847,05/09/2016,1020,258,19,6,0.0,6.8,0.7,0.3
4388161847,05/10/2016,648,267,14,13,0.0,6.5,0.6,0.8
4388161847,05/11/2016,858,256,18,8,0.0,6.5,0.8,0.5
4388161847,05/12/2016,825,108,0,0,0.0,2.6,0.0,0.0
4445114986,04/12/2016,787,196,0,0,0.0,2.2,0.0,0.0
4445114986,13/04/2016,840,194,0,0,0.0,2.0,0.0,0.0
4445114986,14/04/2016,717,231,0,0,0.0,2.7,0.0,0.0
4445114986,15/04/2016,711,350,0,0,0.0,4.8,0.0,0.0
4445114986,16/04/2016,716,225,0,0,0.0,2.7,0.0,0.0
4445114986,17/04/2016,1219,114,0,0,0.0,1.5,0.0,0.0
4445114986,18/04/2016,1247,162,6,25,0.0,2.0,0.3,2.0
4445114986,19/04/2016,895,121,0,0,0.0,1.4,0.0,0.0
4445114986,20/04/2016,841,137,0,0,0.0,1.4,0.0,0.0
4445114986,21/04/2016,756,215,0,0,0.0,2.5,0.0,0.0
4445114986,22/04/2016,706,317,0,0,0.0,4.6,0.0,0.0
4445114986,23/04/2016,1239,201,0,0,0.0,2.9,0.0,0.0
4445114986,24/04/2016,1196,244,0,0,0.0,3.4,0.0,0.0
4445114986,25/04/2016,916,179,0,0,0.0,2.3,0.0,0.0
4445114986,26/04/2016,839,180,1,29,0.0,2.0,0.0,2.4
4445114986,27/04/2016,839,194,1,32,0.0,2.4,0.0,2.6
4445114986,28/04/2016,762,236,0,0,0.0,3.0,0.0,0.0
4445114986,29/04/2016,1106,226,0,0,0.0,3.1,0.0,0.0
4445114986,30/04/2016,797,290,0,0,0.0,4.2,0.0,0.0
4445114986,05/01/2016,741,240,0,0,0.0,3.5,0.0,0.0
4445114986,05/02/2016,667,200,4,27,0.0,2.3,0.2,2.2
4445114986,05/03/2016,725,233,2,30,0.0,2.6,0.1,2.5
4445114986,05/04/2016,897,180,0,0,0.0,2.0,0.0,0.0
4445114986,05/05/2016,734,185,6,2,0.0,2.2,0.2,0.1
4445114986,05/06/2016,809,229,0,0,0.0,3.0,0.0,0.0
4445114986,05/07/2016,866,108,4,26,0.0,1.3,0.2,2.1
4445114986,05/08/2016,733,308,8,0,0.0,4.7,0.3,0.0
4445114986,05/09/2016,641,266,0,0,0.0,3.5,0.0,0.0
4445114986,05/10/2016,783,231,0,0,0.0,2.6,0.0,0.0
4445114986,05/11/2016,622,232,22,34,0.0,2.9,1.0,2.3
4445114986,05/12/2016,380,58,0,0,0.0,0.5,0.0,0.0
4558609924,04/12/2016,1122,318,0,0,0.0,3.4,0.0,0.0
4558609924,13/04/2016,1287,127,7,19,0.0,1.6,0.4,1.2
4558609924,14/04/2016,1161,279,0,0,0.0,4.5,0.0,0.0
4558609924,15/04/2016,1131,262,30,17,0.0,3.7,0.8,0.6
4558609924,16/04/2016,1112,308,12,8,0.0,3.5,0.8,0.6
4558609924,17/04/2016,1110,304,19,7,0.0,4.7,1.1,0.6
4558609924,18/04/2016,1080,331,15,14,0.0,4.0,0.9,1.0
4558609924,19/04/2016,1182,248,9,1,0.0,3.2,0.4,0.1
4558609924,20/04/2016,1218,222,0,0,0.0,3.2,0.0,0.0
4558609924,21/04/2016,844,432,21,6,0.0,7.7,1.0,0.4
4558609924,22/04/2016,1122,273,25,20,0.0,3.5,1.5,1.4
4558609924,23/04/2016,1122,308,5,5,0.0,4.0,0.2,0.3
4558609924,24/04/2016,1045,395,0,0,0.0,5.7,0.0,0.0
4558609924,25/04/2016,993,340,10,18,0.0,4.5,0.3,0.6
4558609924,26/04/2016,1062,283,41,12,0.0,3.6,2.0,0.4
4558609924,27/04/2016,1087,312,14,27,0.0,3.5,0.9,2.0
4558609924,28/04/2016,985,367,11,1,0.0,5.9,0.3,0.0
4558609924,29/04/2016,1096,197,29,15,0.0,2.3,1.9,1.0
4558609924,30/04/2016,1111,293,29,7,0.0,4.5,1.9,0.5
4558609924,05/01/2016,1121,190,0,0,0.0,2.3,0.0,0.0
4558609924,05/02/2016,1057,383,0,0,0.0,5.2,0.0,0.0
4558609924,05/03/2016,1172,237,10,21,0.0,2.6,0.3,0.6
4558609924,05/04/2016,1188,252,0,0,0.0,3.5,0.0,0.0
4558609924,05/05/2016,1048,370,8,14,0.0,5.5,0.5,1.0
4558609924,05/06/2016,1238,202,0,0,0.0,2.5,0.0,0.0
4558609924,05/07/2016,1116,233,16,23,0.0,2.8,1.0,1.6
4558609924,05/08/2016,1019,238,35,66,0.0,2.0,0.5,1.8
4558609924,05/09/2016,1065,339,30,6,0.0,5.5,1.6,0.4
4558609924,05/10/2016,1191,220,18,11,0.0,2.4,1.1,0.7
4558609924,05/11/2016,1081,324,31,4,0.0,3.9,1.8,0.3
4558609924,05/12/2016,736,247,0,0,0.0,4.2,0.0,0.0
4702921684,04/12/2016,718,263,0,0,0.0,5.8,0.0,0.0
4702921684,13/04/2016,777,258,0,0,0.0,5.6,0.0,0.0
4702921684,14/04/2016,772,271,0,0,0.0,6.4,0.0,0.0
4702921684,15/04/2016,944,256,8,1,0.0,4.8,0.4,0.1
4702921684,16/04/2016,556,335,24,3,0.0,7.5,1.3,0.2
4702921684,17/04/2016,437,302,66,12,0.0,5.9,3.5,1.0
4702921684,18/04/2016,890,191,30,22,0.0,4.1,1.5,1.8
4702921684,19/04/2016,757,179,8,10,0.0,4.2,0.4,0.9
4702921684,20/04/2016,717,260,29,2,0.0,5.7,1.2,0.2
4702921684,21/04/2016,901,144,41,4,0.0,2.9,2.0,0.3
4702921684,22/04/2016,1341,72,0,0,0.0,1.4,0.0,0.0
4702921684,23/04/2016,469,408,66,9,0.0,8.3,3.2,0.8
4702921684,24/04/2016,542,281,95,15,0.0,5.9,5.1,1.2
4702921684,25/04/2016,730,270,15,6,0.0,6.1,0.8,0.5
4702921684,26/04/2016,765,216,8,1,0.0,4.5,0.3,0.1
4702921684,27/04/2016,733,238,16,1,0.0,4.8,0.8,0.1
4702921684,28/04/2016,738,232,9,14,0.0,5.8,0.4,1.1
4702921684,29/04/2016,692,267,19,12,0.0,6.1,0.9,1.1
4702921684,30/04/2016,728,263,36,4,0.0,5.9,2.0,0.3
4702921684,05/01/2016,1440,0,0,0,0.0,0.0,0.0,0.0
4702921684,05/02/2016,1131,195,40,5,0.0,3.8,1.7,0.4
4702921684,05/03/2016,729,313,0,0,0.0,7.7,0.0,0.0
4702921684,05/04/2016,757,251,15,4,0.0,5.5,0.7,0.3
4702921684,05/05/2016,745,241,5,8,0.0,6.1,0.2,0.7
4702921684,05/06/2016,682,207,16,1,0.0,4.9,0.7,0.1
4702921684,05/07/2016,577,439,46,5,0.0,9.0,2.3,0.4
4702921684,05/08/2016,1019,192,125,9,0.0,3.5,6.2,0.7
4702921684,05/09/2016,746,253,12,0,0.0,6.1,0.6,0.0
4702921684,05/10/2016,701,262,37,1,0.0,6.7,1.9,0.1
4702921684,05/11/2016,784,235,41,10,0.0,5.0,2.2,0.8
4702921684,05/12/2016,241,68,0,0,0.0,2.2,0.0,0.0
5553957443,04/12/2016,767,277,13,19,0.0,5.4,0.8,1.4
5553957443,13/04/2016,647,226,0,0,0.0,3.2,0.0,0.0
5553957443,14/04/2016,693,256,41,61,0.0,4.7,2.5,4.0
5553957443,15/04/2016,689,239,38,58,0.0,4.7,2.0,4.2
5553957443,16/04/2016,521,288,0,0,0.0,3.8,0.0,0.0
5553957443,17/04/2016,943,46,0,0,0.0,0.4,0.0,0.0
5553957443,18/04/2016,622,206,0,0,0.0,2.4,0.0,0.0
5553957443,19/04/2016,756,249,28,69,0.0,4.2,1.7,4.3
5553957443,20/04/2016,598,148,0,0,0.0,1.8,0.0,0.0
5553957443,21/04/2016,801,177,42,47,0.0,3.0,2.2,3.0
5553957443,22/04/2016,781,270,16,25,0.0,5.6,0.6,1.4
5553957443,23/04/2016,443,272,0,0,0.0,2.7,0.0,0.0
5553957443,24/04/2016,582,104,0,0,0.0,1.2,0.0,0.0
5553957443,25/04/2016,732,201,11,51,0.0,3.7,0.6,2.9
5553957443,26/04/2016,750,238,18,40,0.0,4.5,0.9,2.4
5553957443,27/04/2016,745,206,16,16,0.0,4.7,1.0,1.1
5553957443,28/04/2016,727,165,13,49,0.0,3.2,0.8,3.7
5553957443,29/04/2016,709,270,15,46,0.0,4.9,0.6,2.8
5553957443,30/04/2016,506,84,0,0,0.0,0.8,0.0,0.0
5553957443,05/01/2016,436,237,0,0,0.0,3.4,0.0,0.0
5553957443,05/02/2016,724,227,9,23,0.0,4.9,0.4,1.1
5553957443,05/03/2016,812,247,29,26,0.0,5.7,1.2,1.5
5553957443,05/04/2016,651,224,0,0,0.0,2.8,0.0,0.0
5553957443,05/05/2016,692,241,29,44,0.0,4.4,1.7,3.4
5553957443,05/06/2016,761,229,9,21,0.0,4.2,0.5,1.5
5553957443,05/07/2016,902,96,0,0,0.0,1.2,0.0,0.0
5553957443,05/08/2016,505,210,8,3,0.0,3.3,0.5,0.2
5553957443,05/09/2016,667,251,22,59,0.0,4.6,0.9,2.1
5553957443,05/10/2016,707,265,40,61,0.0,5.2,1.6,3.9
5553957443,05/11/2016,628,195,0,0,0.0,3.2,0.0,0.0
5553957443,05/12/2016,222,48,6,8,0.0,1.1,0.4,0.6
5577150313,04/12/2016,728,140,16,86,0.0,2.1,0.4,3.6
5577150313,13/04/2016,776,144,11,15,0.0,3.3,0.2,0.3
5577150313,14/04/2016,662,176,30,118,0.0,2.8,0.3,3.3
5577150313,15/04/2016,695,199,54,115,0.0,3.6,1.6,3.9
5577150313,16/04/2016,472,158,56,184,0.0,2.7,1.3,6.6
5577150313,17/04/2016,525,159,37,200,0.0,2.3,0.8,6.0
5577150313,18/04/2016,623,130,32,114,0.0,1.8,0.7,4.9
5577150313,19/04/2016,733,111,23,108,0.0,1.8,0.6,7.0
5577150313,20/04/2016,773,113,16,87,0.0,1.8,0.3,4.1
5577150313,21/04/2016,670,175,74,110,0.0,2.8,1.7,3.7
5577150313,22/04/2016,823,200,30,62,0.0,3.3,0.8,2.4
5577150313,23/04/2016,627,223,24,24,0.0,4.1,0.4,1.2
5577150313,24/04/2016,425,141,65,210,0.0,2.0,2.2,7.7
5577150313,25/04/2016,743,214,38,61,0.0,2.8,0.7,1.4
5577150313,26/04/2016,759,181,32,38,0.0,2.5,0.6,0.9
5577150313,27/04/2016,773,190,16,63,0.0,2.9,0.4,1.8
5577150313,28/04/2016,692,141,51,99,0.0,3.0,1.2,3.3
5577150313,29/04/2016,739,165,36,97,0.0,2.5,0.6,2.8
5577150313,30/04/2016,621,163,45,207,0.0,2.6,0.8,5.8
5577150313,05/01/2016,499,178,72,194,0.0,3.2,1.4,5.3
5577150313,05/02/2016,732,235,20,37,0.0,4.1,0.3,1.1
5577150313,05/03/2016,580,212,8,97,0.0,3.6,0.2,4.5
5577150313,05/04/2016,631,141,9,25,0.0,2.1,0.3,1.6
5577150313,05/05/2016,1153,143,21,45,0.0,2.7,0.5,2.5
5577150313,05/06/2016,1304,79,16,41,0.0,1.5,0.3,1.9
5577150313,05/07/2016,1440,0,0,0,0.0,0.0,0.0,0.0
5577150313,05/08/2016,1440,0,0,0,0.0,0.0,0.0,0.0
5577150313,05/09/2016,1099,70,11,34,0.0,1.0,0.1,1.4
5577150313,05/10/2016,639,194,37,104,0.0,3.3,0.8,2.6
5577150313,05/11/2016,257,63,15,45,0.0,0.9,0.3,1.8
6117666160,04/12/2016,1440,0,0,0,0.0,0.0,0.0,0.0
6117666160,13/04/2016,1440,0,0,0,0.0,0.0,0.0,0.0
6117666160,14/04/2016,1440,0,0,0,0.0,0.0,0.0,0.0
6117666160,15/04/2016,921,513,6,0,0.0,10.3,0.3,0.0
6117666160,16/04/2016,502,518,15,7,0.0,9.5,0.9,0.6
6117666160,17/04/2016,702,312,0,0,0.0,5.4,0.0,0.0
6117666160,18/04/2016,759,241,0,0,0.0,3.9,0.0,0.0
6117666160,19/04/2016,425,480,0,0,0.0,8.4,0.0,0.0
6117666160,20/04/2016,587,349,10,26,0.0,5.5,0.5,2.0
6117666160,21/04/2016,579,294,19,11,0.0,5.6,0.4,1.0
6117666160,22/04/2016,413,402,0,0,0.0,6.2,0.0,0.0
6117666160,23/04/2016,468,512,0,0,0.0,8.7,0.0,0.0
6117666160,24/04/2016,711,362,0,0,0.0,5.8,0.0,0.0
6117666160,25/04/2016,1440,0,0,0,0.0,0.0,0.0,0.0
6117666160,26/04/2016,1077,352,7,0,0.0,6.9,0.3,0.0
6117666160,27/04/2016,417,458,0,0,0.0,7.1,0.0,0.0
6117666160,28/04/2016,758,141,0,0,0.0,2.6,0.0,0.0
6117666160,29/04/2016,479,461,0,0,0.0,7.2,0.0,0.0
6117666160,30/04/2016,1040,343,0,0,0.0,5.3,0.0,0.0
6117666160,05/01/2016,525,397,0,0,0.0,6.7,0.0,0.0
6117666160,05/02/2016,1204,236,0,0,0.0,3.7,0.0,0.0
6117666160,05/03/2016,1440,0,0,0,0.0,0.0,0.0,0.0
6117666160,05/04/2016,1279,156,0,0,0.0,2.3,0.0,0.0
6117666160,05/05/2016,479,487,0,0,0.0,7.4,0.0,0.0
6117666160,05/06/2016,673,133,0,0,0.0,2.7,0.0,0.0
6117666160,05/07/2016,456,412,0,0,0.0,5.5,0.0,0.0
6117666160,05/08/2016,517,318,0,0,0.0,5.5,0.0,0.0
6117666160,05/09/2016,125,197,0,0,0.0,3.4,0.0,0.0
6290855005,04/12/2016,1241,199,0,0,0.0,3.5,0.0,0.0
6290855005,13/04/2016,1090,350,0,0,0.01,5.4,0.0,0.0
6290855005,14/04/2016,1077,363,0,0,0.03,5.8,0.0,0.0
6290855005,15/04/2016,1112,328,0,0,0.01,7.2,0.0,0.0
6290855005,16/04/2016,1182,258,0,0,0.01,6.3,0.0,0.0
6290855005,17/04/2016,1172,225,12,31,0.0,4.0,0.8,1.1
6290855005,18/04/2016,1169,271,0,0,0.02,5.2,0.0,0.0
6290855005,19/04/2016,1119,321,0,0,0.01,5.4,0.0,0.0
6290855005,20/04/2016,1182,258,0,0,0.01,4.8,0.0,0.0
6290855005,21/04/2016,1440,0,0,0,0.0,0.0,0.0,0.0
6290855005,22/04/2016,1138,302,0,0,0.0,4.7,0.0,0.0
6290855005,23/04/2016,1407,0,0,33,0.0,0.0,0.0,0.0
6290855005,24/04/2016,1182,258,0,0,0.0,4.5,0.0,0.0
6290855005,25/04/2016,1180,249,3,8,0.01,5.0,0.2,0.7
6290855005,26/04/2016,1440,0,0,0,0.0,0.0,0.0,0.0
6290855005,27/04/2016,1153,287,0,0,0.03,4.2,0.0,0.0
6290855005,28/04/2016,1185,255,0,0,0.0,4.3,0.0,0.0
6290855005,29/04/2016,1440,0,0,0,0.0,0.0,0.0,0.0
6290855005,30/04/2016,1116,324,0,0,0.01,5.1,0.0,0.0
6290855005,05/01/2016,1055,282,95,8,0.02,4.0,2.8,0.7
6290855005,05/02/2016,1172,268,0,0,0.02,5.1,0.0,0.0
6290855005,05/03/2016,1200,240,0,0,0.0,4.6,0.0,0.0
6290855005,05/04/2016,1168,272,0,0,0.01,4.4,0.0,0.0
6290855005,05/05/2016,1201,239,0,0,0.0,4.8,0.0,0.0
6290855005,05/06/2016,1135,305,0,0,0.03,4.6,0.0,0.0
6290855005,05/07/2016,1213,227,0,0,0.0,4.2,0.0,0.0
6290855005,05/08/2016,1189,251,0,0,0.0,5.8,0.0,0.0
6290855005,05/09/2016,800,264,0,0,0.02,4.7,0.0,0.0
6290855005,05/10/2016,1440,0,0,0,0.0,0.0,0.0,0.0
6775888955,04/12/2016,1440,0,0,0,0.0,0.0,0.0,0.0
6775888955,13/04/2016,1053,85,18,17,0.0,1.2,0.6,1.1
6775888955,14/04/2016,863,105,24,14,0.0,2.0,0.9,0.9
6775888955,15/04/2016,976,58,0,0,0.0,0.9,0.0,0.0
6775888955,16/04/2016,1377,9,18,36,0.0,0.1,0.8,2.5
6775888955,17/04/2016,1392,19,24,5,0.0,0.3,1.1,0.3
6775888955,18/04/2016,1233,146,31,30,0.0,3.2,0.8,2.0
6775888955,19/04/2016,1440,0,0,0,0.0,0.0,0.0,0.0
6775888955,20/04/2016,1079,178,113,70,0.0,2.2,1.7,3.8
6775888955,21/04/2016,1440,0,0,0,0.0,0.0,0.0,0.0
6775888955,22/04/2016,1420,20,0,0,0.0,0.5,0.0,0.0
6775888955,23/04/2016,1440,0,0,0,0.0,0.0,0.0,0.0
6775888955,24/04/2016,1400,11,18,11,0.0,0.2,0.6,0.8
6775888955,25/04/2016,1302,92,13,33,0.0,1.9,0.5,2.3
6775888955,26/04/2016,1321,47,30,42,0.0,0.7,0.9,3.5
6775888955,27/04/2016,1440,0,0,0,0.0,0.0,0.0,0.0
6775888955,28/04/2016,1410,15,13,2,0.0,0.2,0.2,0.1
6775888955,29/04/2016,1440,0,0,0,0.0,0.0,0.0,0.0
6775888955,30/04/2016,1344,84,9,3,0.0,1.5,0.2,0.2
6775888955,05/01/2016,1347,50,34,9,0.0,0.7,0.6,0.5
6775888955,05/02/2016,1440,0,0,0,0.0,0.0,0.0,0.0
6775888955,05/03/2016,1439,1,0,0,0.0,0.0,0.0,0.0
6775888955,05/04/2016,1440,0,0,0,0.0,0.0,0.0,0.0
6775888955,05/05/2016,1440,0,0,0,0.0,0.0,0.0,0.0
6775888955,05/06/2016,1318,75,35,12,0.0,1.9,0.9,0.5
6775888955,05/07/2016,551,49,5,2,0.0,1.0,0.2,0.1
6962181067,04/12/2016,796,189,14,50,0.0,2.5,0.8,3.4
6962181067,13/04/2016,548,142,24,8,0.0,2.0,1.2,0.6
6962181067,14/04/2016,862,86,0,0,0.0,1.0,0.0,0.0
6962181067,15/04/2016,837,217,0,0,0.0,3.7,0.0,0.0
6962181067,16/04/2016,741,280,3,50,0.0,4.9,0.2,3.7
6962181067,17/04/2016,634,295,13,5,0.0,5.7,0.7,0.3
6962181067,18/04/2016,689,238,42,13,0.0,4.3,2.4,0.8
6962181067,19/04/2016,659,195,41,35,0.0,2.9,2.1,2.1
6962181067,20/04/2016,639,297,4,48,0.0,5.1,0.2,4.3
6962181067,21/04/2016,708,214,27,53,0.11,3.5,2.1,4.0
6962181067,22/04/2016,659,240,33,30,0.0,3.8,1.5,1.8
6962181067,23/04/2016,484,347,41,58,0.0,7.0,2.0,4.2
6962181067,24/04/2016,720,199,0,0,0.0,3.3,0.0,0.0
6962181067,25/04/2016,637,282,31,35,0.1,4.5,1.7,3.0
6962181067,26/04/2016,680,254,7,36,0.0,3.9,0.4,2.6
6962181067,27/04/2016,697,279,38,7,0.0,4.3,2.0,0.6
6962181067,28/04/2016,621,288,8,38,0.0,5.6,0.2,2.5
6962181067,29/04/2016,645,369,15,12,0.0,5.8,0.5,0.8
6962181067,30/04/2016,731,237,16,32,0.0,3.7,0.8,2.2
6962181067,05/01/2016,722,215,0,0,0.0,3.6,0.0,0.0
6962181067,05/02/2016,655,313,39,18,0.0,5.3,2.0,1.2
6962181067,05/03/2016,654,267,36,21,0.0,4.3,2.0,1.7
6962181067,05/04/2016,683,284,36,15,0.0,4.6,1.7,0.5
6962181067,05/05/2016,591,305,22,14,0.0,4.8,1.2,1.0
6962181067,05/06/2016,717,299,0,0,0.0,3.9,0.0,0.0
6962181067,05/07/2016,745,328,0,0,0.0,4.5,0.0,0.0
6962181067,05/08/2016,709,151,14,0,0.0,2.3,0.5,0.0
6962181067,05/09/2016,607,231,21,43,0.0,3.7,1.2,3.9
6962181067,05/10/2016,626,275,34,62,0.0,5.0,1.8,3.5
6962181067,05/11/2016,709,199,7,24,0.0,2.7,0.3,1.5
6962181067,05/12/2016,127,105,8,0,0.0,2.1,0.3,0.0
7007744171,04/12/2016,1024,355,8,53,0.0,5.4,0.4,4.5
7007744171,13/04/2016,1101,261,22,56,0.0,4.5,0.6,4.6
7007744171,14/04/2016,1096,304,6,34,0.0,5.0,0.3,3.0
7007744171,15/04/2016,1238,202,0,0,0.0,3.5,0.0,0.0
7007744171,16/04/2016,1155,203,0,0,0.0,3.1,0.0,0.0
7007744171,17/04/2016,1135,305,0,0,0.0,5.4,0.0,0.0
7007744171,18/04/2016,1077,284,31,48,0.02,5.1,2.1,3.8
7007744171,19/04/2016,1066,304,17,53,0.0,5.3,0.8,4.4
7007744171,20/04/2016,1000,347,33,60,0.0,5.9,0.7,4.8
7007744171,21/04/2016,1049,327,34,30,0.0,5.2,1.9,2.2
7007744171,22/04/2016,1065,261,50,64,0.0,4.4,1.8,4.1
7007744171,23/04/2016,1190,223,25,2,0.0,4.2,1.1,0.1
7007744171,24/04/2016,1021,419,0,0,0.0,7.4,0.0,0.0
7007744171,25/04/2016,986,379,24,51,0.0,7.7,1.4,4.3
7007744171,26/04/2016,978,424,22,16,0.0,8.2,0.9,0.9
7007744171,27/04/2016,1041,337,12,50,0.0,5.3,0.7,4.3
7007744171,28/04/2016,1007,401,16,16,0.0,8.3,0.8,1.1
7007744171,29/04/2016,961,382,42,55,0.0,7.9,2.0,4.3
7007744171,30/04/2016,1240,200,0,0,0.0,2.5,0.0,0.0
7007744171,05/01/2016,1142,237,0,0,0.0,3.8,0.0,0.0
7007744171,05/02/2016,1112,250,14,64,0.0,3.8,0.7,4.6
7007744171,05/03/2016,1021,330,31,58,0.0,5.4,1.0,4.5
7007744171,05/04/2016,1440,0,0,0,0.0,0.0,0.0,0.0
7007744171,05/05/2016,1047,317,23,53,0.0,5.5,1.3,4.3
7007744171,05/06/2016,1136,247,13,44,0.0,3.9,0.8,3.0
7007744171,05/07/2016,111,0,0,0,0.0,0.0,0.0,0.0
7086361926,04/12/2016,745,153,6,59,0.0,3.0,0.2,5.3
7086361926,13/04/2016,744,155,26,31,0.0,2.8,0.2,0.6
7086361926,14/04/2016,787,189,32,35,0.0,3.7,0.3,2.0
7086361926,15/04/2016,864,139,21,30,0.0,2.5,1.1,2.0
7086361926,16/04/2016,1437,3,0,0,0.0,0.0,0.0,0.0
7086361926,17/04/2016,1440,0,0,0,0.0,0.0,0.0,0.0
7086361926,18/04/2016,1136,114,51,61,0.0,2.3,1.2,3.2
7086361926,19/04/2016,671,124,69,67,0.0,2.5,1.2,3.5
7086361926,20/04/2016,797,145,13,87,0.0,2.5,0.4,7.6
7086361926,21/04/2016,758,206,6,19,0.0,4.5,0.3,1.4
7086361926,22/04/2016,762,153,59,58,0.0,2.7,1.0,2.9
7086361926,23/04/2016,1350,90,0,0,0.0,1.8,0.0,0.0
7086361926,24/04/2016,566,125,0,0,0.0,2.2,0.0,0.0
7086361926,25/04/2016,706,129,39,69,0.0,2.4,0.7,3.8
7086361926,26/04/2016,726,132,33,70,0.0,2.1,0.8,4.2
7086361926,27/04/2016,829,145,6,55,0.0,2.5,0.2,5.6
7086361926,28/04/2016,810,161,48,54,0.0,3.4,1.6,2.8
7086361926,29/04/2016,1198,182,36,24,0.0,4.0,0.4,0.5
7086361926,30/04/2016,584,308,17,42,0.0,5.2,1.0,3.1
7086361926,05/01/2016,685,258,15,30,0.0,4.8,0.9,2.3
7086361926,05/02/2016,737,139,26,66,0.0,2.7,0.7,3.5
7086361926,05/03/2016,761,152,36,57,0.0,3.2,0.9,2.7
7086361926,05/04/2016,843,135,12,45,0.0,2.9,0.1,5.3
7086361926,05/05/2016,1253,149,14,24,0.0,3.0,0.8,1.8
7086361926,05/06/2016,834,154,35,84,0.0,3.1,1.4,3.8
7086361926,05/07/2016,621,209,42,20,0.0,4.7,2.3,1.5
7086361926,05/08/2016,695,147,27,32,0.0,3.3,1.5,2.3
7086361926,05/09/2016,743,171,50,67,0.0,3.1,1.7,4.3
7086361926,05/10/2016,1182,106,23,72,0.0,2.5,1.2,7.1
7086361926,05/11/2016,757,128,40,57,0.0,2.2,1.4,2.9
7086361926,05/12/2016,343,58,4,5,0.0,1.9,0.3,0.4
8053475328,04/12/2016,1193,123,8,116,0.0,2.1,0.4,11.6
8053475328,13/04/2016,1177,156,12,95,0.0,2.5,0.5,10.4
8053475328,14/04/2016,1123,193,5,119,0.0,3.4,0.2,12.3
8053475328,15/04/2016,1142,158,8,132,0.0,2.6,0.4,13.3
8053475328,16/04/2016,1255,83,6,96,0.0,1.5,0.3,9.4
8053475328,17/04/2016,1113,195,21,111,0.0,3.6,0.8,9.2
8053475328,18/04/2016,1137,195,6,102,0.0,3.3,0.2,9.1
8053475328,19/04/2016,1152,191,7,90,0.0,3.0,0.3,9.2
8053475328,20/04/2016,695,158,5,89,0.0,2.4,0.2,9.6
8053475328,21/04/2016,1164,170,6,100,0.0,2.6,0.3,9.7
8053475328,22/04/2016,1260,117,3,60,0.0,1.9,0.2,6.3
8053475328,23/04/2016,741,223,14,125,0.0,4.0,0.6,12.5
8053475328,24/04/2016,1096,182,33,129,0.0,3.3,1.5,13.1
8053475328,25/04/2016,1104,209,9,118,0.0,3.9,0.5,11.4
8053475328,26/04/2016,1182,185,5,68,0.0,3.1,0.2,6.3
8053475328,27/04/2016,1187,183,10,60,0.0,2.9,0.4,6.5
8053475328,28/04/2016,1188,153,9,90,0.0,2.3,0.4,9.7
8053475328,29/04/2016,1215,159,8,58,0.0,3.2,0.3,6.2
8053475328,30/04/2016,1281,131,1,27,0.0,2.5,0.1,3.0
8053475328,05/01/2016,1389,51,0,0,0.0,0.9,0.0,0.0
8053475328,05/02/2016,1345,95,0,0,0.0,1.4,0.0,0.0
8053475328,05/03/2016,1166,165,22,87,0.0,2.6,0.9,8.4
8053475328,05/04/2016,1220,123,8,89,0.0,1.9,0.4,8.8
8053475328,05/05/2016,1208,130,9,93,0.0,2.2,0.4,8.9
8053475328,05/06/2016,1245,90,15,90,0.0,1.2,0.7,9.1
8053475328,05/07/2016,1076,148,20,121,0.0,2.3,0.9,12.4
8053475328,05/08/2016,1073,228,14,125,0.0,3.7,0.6,13.4
8053475328,05/09/2016,1214,148,12,66,0.0,2.7,0.6,6.1
8053475328,05/10/2016,1219,115,10,96,0.0,1.9,0.4,9.1
8053475328,05/11/2016,1189,184,7,60,0.0,3.0,0.3,6.1
8053475328,05/12/2016,839,39,4,28,0.0,0.8,0.2,3.0
8253242879,04/12/2016,1244,154,2,40,0.0,1.6,0.1,5.4
8253242879,13/04/2016,1298,96,11,35,0.0,1.3,0.6,4.2
8253242879,14/04/2016,1362,33,16,29,0.0,0.5,1.0,1.9
8253242879,15/04/2016,1335,105,0,0,0.0,1.8,0.0,0.0
8253242879,16/04/2016,1268,115,51,6,0.0,2.5,3.3,0.4
8253242879,17/04/2016,1237,157,5,41,0.0,2.3,0.2,5.4
8253242879,18/04/2016,1278,130,16,16,0.0,1.8,0.6,1.0
8253242879,19/04/2016,1276,164,0,0,0.0,2.8,0.0,0.0
8253242879,20/04/2016,1201,216,18,5,0.01,3.1,0.8,0.3
8253242879,21/04/2016,1199,172,20,49,0.0,1.8,0.9,5.9
8253242879,22/04/2016,1320,120,0,0,0.0,1.9,0.0,0.0
8253242879,23/04/2016,1193,191,26,30,0.0,3.1,1.0,2.1
8253242879,24/04/2016,1313,82,4,41,0.0,1.3,0.2,5.6
8253242879,25/04/2016,1261,118,54,7,0.0,1.8,2.4,0.4
8253242879,26/04/2016,1299,108,14,19,0.0,1.4,0.5,1.2
8253242879,27/04/2016,1286,104,5,45,0.0,1.7,0.2,6.2
8253242879,28/04/2016,1393,20,16,11,0.0,0.3,0.8,0.7
8253242879,29/04/2016,1257,136,14,16,0.0,2.4,0.5,1.3
8253242879,30/04/2016,1440,0,0,0,0.0,0.0,0.0,0.0
8378563200,04/12/2016,723,156,15,65,0.0,4.5,0.7,0.8
8378563200,13/04/2016,680,169,14,116,0.0,4.2,0.6,5.0
8378563200,14/04/2016,699,174,21,123,0.0,3.9,1.0,5.6
8378563200,15/04/2016,729,190,23,60,0.0,5.4,1.1,4.9
8378563200,16/04/2016,563,142,21,64,0.0,2.4,1.1,5.4
8378563200,17/04/2016,599,93,0,0,0.0,1.7,0.0,0.0
8378563200,18/04/2016,720,174,10,117,0.0,5.2,0.6,5.1
8378563200,19/04/2016,737,154,19,120,0.0,4.2,0.9,5.3
8378563200,20/04/2016,763,169,8,82,0.0,4.8,0.4,2.2
8378563200,21/04/2016,677,145,16,137,0.0,4.3,0.8,6.9
8378563200,22/04/2016,769,159,12,113,0.0,4.2,0.6,4.9
8378563200,23/04/2016,740,136,10,19,0.0,2.5,0.5,1.5
8378563200,24/04/2016,734,135,0,0,0.0,2.9,0.0,0.0
8378563200,25/04/2016,692,141,16,117,0.0,3.9,0.9,5.1
8378563200,26/04/2016,593,161,18,90,0.0,4.4,0.9,7.5
8378563200,27/04/2016,676,192,4,4,0.0,5.3,0.2,0.3
8378563200,28/04/2016,711,139,10,11,0.0,2.9,0.5,0.9
8378563200,29/04/2016,767,172,7,3,0.0,4.3,0.4,0.3
8378563200,30/04/2016,780,121,0,0,0.0,2.3,0.0,0.0
8378563200,05/01/2016,669,127,10,71,0.0,2.5,0.6,6.0
8378563200,05/02/2016,802,142,4,63,0.0,4.0,0.2,0.6
8378563200,05/03/2016,822,195,20,71,0.0,4.5,1.1,1.3
8378563200,05/04/2016,680,167,10,19,0.0,4.2,0.5,1.6
8378563200,05/05/2016,764,214,3,66,0.0,5.7,0.2,0.9
8378563200,05/06/2016,831,166,5,74,0.0,3.8,0.3,1.5
8378563200,05/07/2016,851,158,0,0,0.0,3.5,0.0,0.0
8378563200,05/08/2016,621,139,0,0,0.0,2.3,0.0,0.0
8378563200,05/09/2016,772,171,13,71,0.0,4.7,0.7,1.3
8378563200,05/10/2016,840,152,13,63,0.0,3.9,0.6,0.7
8378563200,05/11/2016,763,184,10,72,0.0,5.3,0.6,1.4
8378563200,05/12/2016,433,102,6,8,0.0,2.7,0.3,0.6
8583815059,04/12/2016,1237,196,7,0,0.0,3.6,0.3,0.0
8583815059,13/04/2016,1252,163,23,2,0.0,3.2,1.0,0.2
8583815059,14/04/2016,1306,134,0,0,0.0,2.4,0.0,0.0
8583815059,15/04/2016,1375,65,0,0,0.0,0.9,0.0,0.0
8583815059,16/04/2016,1440,0,0,0,0.0,0.0,0.0,0.0
8583815059,17/04/2016,1440,0,0,0,0.0,0.0,0.0,0.0
8583815059,18/04/2016,1309,105,22,4,0.0,1.4,1.1,0.3
8583815059,19/04/2016,1257,166,10,7,0.0,3.4,0.5,0.5
8583815059,20/04/2016,1246,167,27,0,0.0,3.1,1.0,0.0
8583815059,21/04/2016,1229,158,18,35,0.0,3.0,1.0,2.6
8583815059,22/04/2016,1170,212,54,4,0.0,4.1,2.4,0.3
8583815059,23/04/2016,1151,238,44,7,0.0,4.8,2.0,0.5
8583815059,24/04/2016,1188,206,44,2,0.0,4.3,2.0,0.2
8583815059,25/04/2016,1294,122,6,18,0.0,1.8,0.2,1.5
8583815059,26/04/2016,1134,214,91,1,0.0,3.9,4.2,0.1
8583815059,27/04/2016,1229,129,5,77,0.0,2.9,0.3,6.6
8583815059,28/04/2016,1209,203,28,0,0.0,3.6,1.2,0.0
8583815059,29/04/2016,1069,258,67,46,0.0,4.9,3.0,3.9
8583815059,30/04/2016,1093,317,28,2,0.0,6.4,1.3,0.2
8583815059,05/01/2016,1311,117,2,10,0.0,2.0,0.1,0.8
8583815059,05/02/2016,1440,0,0,0,0.0,0.0,0.0,0.0
8583815059,05/03/2016,1440,0,0,0,0.0,0.0,0.0,0.0
8583815059,05/04/2016,1440,0,0,0,0.0,0.0,0.0,0.0
8583815059,05/05/2016,1370,70,0,0,0.0,1.2,0.0,0.0
8583815059,05/06/2016,1250,166,22,2,0.0,3.2,1.2,0.1
8583815059,05/07/2016,1190,250,0,0,0.0,4.8,0.0,0.0
8583815059,05/08/2016,1183,182,72,3,0.0,3.7,3.3,0.2
8583815059,05/09/2016,1260,110,4,66,0.0,1.7,0.2,5.8
8583815059,05/10/2016,1226,162,43,9,0.0,3.7,2.0,0.7
8583815059,05/11/2016,1106,177,71,5,0.0,3.2,3.2,0.4
8583815059,05/12/2016,1440,0,0,0,0.0,0.0,0.0,0.0
8792009665,04/12/2016,831,116,0,0,0.0,1.6,0.0,0.0
8792009665,13/04/2016,806,82,0,0,0.0,0.8,0.0,0.0
8792009665,14/04/2016,853,84,0,0,0.0,0.8,0.0,0.0
8792009665,15/04/2016,937,126,0,0,0.0,1.6,0.0,0.0
8792009665,16/04/2016,1428,12,0,0,0.0,0.2,0.0,0.0
8792009665,17/04/2016,1440,0,0,0,0.0,0.0,0.0,0.0
8792009665,18/04/2016,1440,0,0,0,0.0,0.0,0.0,0.0
8792009665,19/04/2016,1440,0,0,0,0.0,0.0,0.0,0.0
8792009665,20/04/2016,744,139,10,0,0.0,1.7,0.3,0.0
8792009665,21/04/2016,1431,9,0,0,0.0,0.1,0.0,0.0
8792009665,22/04/2016,817,195,20,1,0.0,2.3,0.3,0.1
8792009665,23/04/2016,795,232,45,8,0.0,2.8,0.4,0.2
8792009665,24/04/2016,1410,19,8,3,0.0,0.2,0.1,0.0
8792009665,25/04/2016,1440,0,0,0,0.0,0.0,0.0,0.0
8792009665,26/04/2016,1360,80,0,0,0.0,0.9,0.0,0.0
8792009665,27/04/2016,900,112,0,0,0.0,1.1,0.0,0.0
8792009665,28/04/2016,714,310,0,0,0.0,3.9,0.0,0.0
8792009665,29/04/2016,634,380,14,6,0.0,4.9,0.3,0.1
8792009665,30/04/2016,749,301,20,10,0.0,3.9,0.4,0.3
8792009665,05/01/2016,834,79,0,0,0.0,1.0,0.0,0.0
8792009665,05/02/2016,916,101,0,0,0.0,1.2,0.0,0.0
8792009665,05/03/2016,739,156,0,0,0.0,1.5,0.0,0.0
8792009665,05/04/2016,848,129,0,0,0.0,1.5,0.0,0.0
8792009665,05/05/2016,1440,0,0,0,0.0,0.0,0.0,0.0
8792009665,05/06/2016,1440,0,0,0,0.0,0.0,0.0,0.0
8792009665,05/07/2016,1440,0,0,0,0.0,0.0,0.0,0.0
8792009665,05/08/2016,1440,0,0,0,0.0,0.0,0.0,0.0
8792009665,05/09/2016,1440,0,0,0,0.0,0.0,0.0,0.0
8792009665,05/10/2016,48,0,0,0,0.0,0.0,0.0,0.0
8877689391,04/12/2016,1036,312,7,85,0.0,7.8,0.3,12.2
8877689391,13/04/2016,1098,216,18,108,0.0,5.6,0.4,3.5
8877689391,14/04/2016,1061,298,13,68,0.02,7.8,0.6,10.6
8877689391,15/04/2016,1052,281,1,106,0.01,7.0,0.1,0.1
8877689391,16/04/2016,888,429,29,94,0.0,10.7,1.2,13.2
8877689391,17/04/2016,1060,307,15,58,0.0,8.8,0.1,0.0
8877689391,18/04/2016,1215,191,5,29,0.0,5.9,0.3,2.4
8877689391,19/04/2016,1131,214,13,82,0.0,5.0,0.2,12.1
8877689391,20/04/2016,1123,225,19,73,0.0,6.3,0.7,11.0
8877689391,21/04/2016,1119,226,13,82,0.0,4.9,0.4,12.3
8877689391,22/04/2016,1141,236,2,61,0.05,6.0,0.0,10.2
8877689391,23/04/2016,1032,300,6,102,0.01,7.4,0.0,0.0
8877689391,24/04/2016,1148,227,1,64,0.0,4.7,0.0,11.0
8877689391,25/04/2016,1101,218,8,113,0.01,6.3,0.1,2.4
8877689391,26/04/2016,1157,258,3,22,0.0,6.5,0.1,1.8
8877689391,27/04/2016,1104,235,8,93,0.0,7.1,0.4,13.1
8877689391,28/04/2016,1143,231,8,58,0.0,6.0,0.4,4.9
8877689391,29/04/2016,1207,210,5,18,0.0,5.8,0.2,1.4
8877689391,30/04/2016,1089,223,4,124,0.0,4.9,0.1,21.7
8877689391,05/01/2016,1226,166,12,36,0.0,4.6,0.6,3.1
8877689391,05/02/2016,1335,105,0,0,0.0,3.6,0.0,0.0
8877689391,05/03/2016,1189,229,3,19,0.01,6.7,0.1,1.4
8877689391,05/04/2016,1154,212,8,66,0.0,5.5,0.3,10.4
8877689391,05/05/2016,1170,188,15,67,0.0,4.4,0.8,5.5
8877689391,05/06/2016,1095,232,17,96,0.0,6.2,0.3,12.8
8877689391,05/07/2016,1036,271,28,105,0.0,7.0,1.0,0.1
8877689391,05/08/2016,1174,245,4,17,0.0,6.8,0.2,1.1
8877689391,05/09/2016,1131,217,19,73,0.05,6.2,0.8,11.1
8877689391,05/10/2016,1187,224,11,18,0.0,6.3,0.5,1.4
8877689391,05/11/2016,1127,213,12,88,0.0,5.9,0.4,13.2
8877689391,05/12/2016,770,137,1,23,0.0,4.3,0.0,1.8
