Id,ActivityDay,TotalSteps,TotalDistance,TrackerDistance,LoggedActivitiesDistance,VeryActiveDistance_x,ModeratelyActiveDistance_x,LightActiveDistance_x,SedentaryActiveDistance_x,VeryActiveMinutes_x,FairlyActiveMinutes_x,LightlyActiveMinutes_x,SedentaryMinutes_x,Calories_x,Calories_y,SedentaryMinutes_y,LightlyActiveMinutes_y,FairlyActiveMinutes_y,VeryActiveMinutes_y,SedentaryActiveDistance_y,LightActiveDistance_y,ModeratelyActiveDistance_y,VeryActiveDistance_y,StepTotal
1503960366,13/04/2016,10735,7.0,7.0,0.0,1.6,0.7,4.7,0.0,21,19,217,776,1797,1797,776,217,19,21,0.0,4.7,0.7,1.6,10735
1503960366,14/04/2016,10460,6.7,6.7,0.0,2.4,0.4,3.9,0.0,30,11,181,1218,1776,1776,1218,181,11,30,0.0,3.9,0.4,2.4,10460
1503960366,15/04/2016,9762,6.3,6.3,0.0,2.1,1.3,2.8,0.0,29,34,209,726,1745,1745,726,209,34,29,0.0,2.8,1.3,2.1,9762
1503960366,16/04/2016,12669,8.2,8.2,0.0,2.7,0.4,5.0,0.0,36,10,221,773,1863,1863,773,221,10,36,0.0,5.0,0.4,2.7,12669
1503960366,17/04/2016,9705,6.5,6.5,0.0,3.2,0.8,2.5,0.0,38,20,164,539,1728,1728,539,164,20,38,0.0,2.5,0.8,3.2,9705
1503960366,18/04/2016,13019,8.6,8.6,0.0,3.3,0.6,4.7,0.0,42,16,233,1149,1921,1921,1149,233,16,42,0.0,4.7,0.6,3.3,13019
1503960366,19/04/2016,15506,9.9,9.9,0.0,3.5,1.3,5.0,0.0,50,31,264,775,2035,2035,775,264,31,50,0.0,5.0,1.3,3.5,15506
1503960366,20/04/2016,10544,6.7,6.7,0.0,2.0,0.5,4.2,0.0,28,12,205,818,1786,1786,818,205,12,28,0.0,4.2,0.5,2.0,10544
1503960366,21/04/2016,9819,6.3,6.3,0.0,1.3,0.3,4.7,0.0,19,8,211,838,1775,1775,838,211,8,19,0.0,4.7,0.3,1.3,9819
1503960366,22/04/2016,12764,8.1,8.1,0.0,4.8,1.1,2.2,0.0,66,27,130,1217,1827,1827,1217,130,27,66,0.0,2.2,1.1,4.8,12764
1503960366,23/04/2016,14371,9.0,9.0,0.0,2.8,0.9,5.4,0.0,41,21,262,732,1949,1949,732,262,21,41,0.0,5.4,0.9,2.8,14371
1503960366,24/04/2016,10039,6.4,6.4,0.0,2.9,0.2,3.3,0.0,39,5,238,709,1788,1788,709,238,5,39,0.0,3.3,0.2,2.9,10039
1503960366,25/04/2016,15355,9.8,9.8,0.0,5.3,0.6,3.9,0.0,73,14,216,814,2013,2013,814,216,14,73,0.0,3.9,0.6,5.3,15355
1503960366,26/04/2016,13755,8.8,8.8,0.0,2.3,0.9,5.5,0.0,31,23,279,833,1970,1970,833,279,23,31,0.0,5.5,0.9,2.3,13755
1503960366,27/04/2016,18134,12.2,12.2,0.0,6.4,0.4,5.4,0.0,78,11,243,1108,2159,2159,1108,243,11,78,0.0,5.4,0.4,6.4,18134
1503960366,28/04/2016,13154,8.5,8.5,0.0,3.5,1.2,3.8,0.0,48,28,189,782,1898,1898,782,189,28,48,0.0,3.8,1.2,3.5,13154
1503960366,29/04/2016,11181,7.2,7.2,0.0,1.1,0.5,5.6,0.0,16,12,243,815,1837,1837,815,243,12,16,0.0,5.6,0.5,1.1,11181
1503960366,30/04/2016,14673,9.3,9.3,0.0,3.6,1.4,4.3,0.0,52,34,217,712,1947,1947,712,217,34,52,0.0,4.3,1.4,3.6,14673
1503960366,05/05/2016,14070,8.9,8.9,0.0,2.9,1.1,4.9,0.0,45,24,250,857,1959,1959,857,250,24,45,0.0,4.9,1.1,2.9,14070
1624580081,13/04/2016,7007,4.6,4.6,0.0,0.0,0.0,4.6,0.0,0,0,148,1292,1411,1411,1292,148,0,0,0.0,4.6,0.0,0.0,7007
1624580081,14/04/2016,9107,5.9,5.9,0.0,0.0,0.0,5.9,0.01,0,0,236,1204,1572,1572,1204,236,0,0,0.01,5.9,0.0,0.0,9107
1624580081,15/04/2016,1510,1.0,1.0,0.0,0.0,0.0,1.0,0.0,0,0,96,1344,1344,1344,1344,96,0,0,0.0,1.0,0.0,0.0,1510
1624580081,16/04/2016,5370,3.5,3.5,0.0,0.0,0.0,3.5,0.0,0,0,176,1264,1463,1463,1264,176,0,0,0.0,3.5,0.0,0.0,5370
1624580081,17/04/2016,6175,4.1,4.1,0.0,1.0,1.5,1.5,0.01,15,22,127,1276,1554,1554,1276,127,22,15,0.01,1.5,1.5,1.0,6175
1624580081,18/04/2016,10536,7.4,7.4,0.0,2.2,0.6,4.6,0.01,17,7,202,1214,1604,1604,1214,202,7,17,0.01,4.6,0.6,2.2,10536
1624580081,19/04/2016,2916,1.9,1.9,0.0,0.0,0.0,1.9,0.0,0,0,141,1299,1435,1435,1299,141,0,0,0.0,1.9,0.0,0.0,2916
1624580081,20/04/2016,4974,3.2,3.2,0.0,0.0,0.0,3.2,0.0,0,0,151,1289,1446,1446,1289,151,0,0,0.0,3.2,0.0,0.0,4974
1624580081,21/04/2016,6349,4.1,4.1,0.0,0.0,0.0,4.1,0.02,0,0,186,1254,1467,1467,1254,186,0,0,0.02,4.1,0.0,0.0,6349
1624580081,22/04/2016,4026,2.6,2.6,0.0,0.0,0.0,2.6,0.0,0,0,199,1241,1470,1470,1241,199,0,0,0.0,2.6,0.0,0.0,4026
1624580081,23/04/2016,8538,5.6,5.6,0.0,0.0,0.0,5.5,0.01,0,0,227,1213,1562,1562,1213,227,0,0,0.01,5.5,0.0,0.0,8538
1624580081,24/04/2016,6076,4.0,4.0,0.0,1.1,0.9,1.9,0.0,16,18,185,1221,1617,1617,1221,185,18,16,0.0,1.9,0.9,1.1,6076
1624580081,25/04/2016,6497,4.2,4.2,0.0,0.0,0.0,4.2,0.02,0,0,202,1238,1492,1492,1238,202,0,0,0.02,4.2,0.0,0.0,6497
1624580081,26/04/2016,2826,1.8,1.8,0.0,0.0,0.0,1.8,0.01,0,0,140,1300,1402,1402,1300,140,0,0,0.01,1.8,0.0,0.0,2826
1624580081,27/04/2016,8367,5.4,5.4,0.0,1.1,1.9,2.5,0.0,17,36,154,1233,1670,1670,1233,154,36,17,0.0,2.5,1.9,1.1,8367
1624580081,28/04/2016,2759,1.8,1.8,0.0,0.0,0.2,1.6,0.0,0,5,115,1320,1401,1401,1320,115,5,0,0.0,1.6,0.2,0.0,2759
1624580081,29/04/2016,2390,1.5,1.5,0.0,0.0,0.0,1.5,0.0,0,0,150,1290,1404,1404,1290,150,0,0,0.0,1.5,0.0,0.0,2390
1624580081,30/04/2016,6474,4.3,4.3,0.0,0.9,1.3,2.1,0.01,11,23,224,1182,1655,1655,1182,224,23,11,0.01,2.1,1.3,0.9,6474
1624580081,05/05/2016,2470,1.6,1.6,0.0,0.0,0.0,1.6,0.02,0,0,117,1323,1370,1370,1323,117,0,0,0.02,1.6,0.0,0.0,2470
1644430081,13/04/2016,8001,5.8,5.8,0.0,2.3,0.9,2.6,0.0,30,16,135,1259,2902,2902,1259,135,16,30,0.0,2.6,0.9,2.3,8001
1644430081,14/04/2016,11037,8.0,8.0,0.0,0.4,2.6,5.1,0.0,5,58,252,1125,3226,3226,1125,252,58,5,0.0,5.1,2.6,0.4,11037
1644430081,15/04/2016,5263,3.8,3.8,0.0,0.2,0.2,3.5,0.0,3,4,170,1263,2750,2750,1263,170,4,3,0.0,3.5,0.2,0.2,5263
1644430081,16/04/2016,15300,11.1,11.1,0.0,4.1,1.9,5.1,0.0,51,42,212,1135,3493,3493,1135,212,42,51,0.0,5.1,1.9,4.1,15300
1644430081,17/04/2016,8757,6.4,6.4,0.0,2.3,0.6,3.5,0.0,29,13,186,1212,3011,3011,1212,186,13,29,0.0,3.5,0.6,2.3,8757
1644430081,18/04/2016,7132,5.2,5.2,0.0,1.1,1.7,2.5,0.0,15,33,121,1271,2806,2806,1271,121,33,15,0.0,2.5,1.7,1.1,7132
1644430081,19/04/2016,11256,8.2,8.2,0.0,0.4,2.5,5.3,0.0,5,58,278,1099,3300,3300,1099,278,58,5,0.0,5.3,2.5,0.4,11256
1644430081,20/04/2016,2436,1.8,1.8,0.0,0.0,0.0,1.8,0.01,0,0,125,1315,2430,2430,1315,125,0,0,0.01,1.8,0.0,0.0,2436
1644430081,21/04/2016,1223,0.9,0.9,0.0,0.0,0.0,0.9,0.01,0,0,38,1402,2140,2140,1402,38,0,0,0.01,0.9,0.0,0.0,1223
1644430081,22/04/2016,3673,2.7,2.7,0.0,0.0,0.0,2.7,0.01,0,0,86,1354,2344,2344,1354,86,0,0,0.01,2.7,0.0,0.0,3673
1644430081,23/04/2016,6637,4.8,4.8,0.0,0.0,0.6,4.3,0.0,0,15,160,1265,2677,2677,1265,160,15,0,0.0,4.3,0.6,0.0,6637
1644430081,24/04/2016,3321,2.4,2.4,0.0,0.0,0.0,2.4,0.0,0,0,89,1351,2413,2413,1351,89,0,0,0.0,2.4,0.0,0.0,3321
1644430081,25/04/2016,3580,2.6,2.6,0.0,0.6,0.1,2.0,0.0,8,1,94,1337,2497,2497,1337,94,1,8,0.0,2.0,0.1,0.6,3580
1644430081,26/04/2016,9919,7.2,7.2,0.0,0.8,1.7,4.7,0.0,11,41,223,1165,3123,3123,1165,223,41,11,0.0,4.7,1.7,0.8,9919
1644430081,27/04/2016,3032,2.2,2.2,0.0,0.0,0.0,2.2,0.0,0,0,118,1322,2489,2489,1322,118,0,0,0.0,2.2,0.0,0.0,3032
1644430081,28/04/2016,9405,6.8,6.8,0.0,0.2,2.3,4.3,0.0,3,53,227,1157,3108,3108,1157,227,53,3,0.0,4.3,2.3,0.2,9405
1644430081,29/04/2016,3176,2.3,2.3,0.0,0.0,0.0,2.3,0.0,0,0,120,1193,2498,2498,1193,120,0,0,0.0,2.3,0.0,0.0,3176
1644430081,30/04/2016,18213,13.2,13.2,0.0,0.6,3.1,9.5,0.0,9,71,402,816,3846,3846,816,402,71,9,0.0,9.5,3.1,0.6,18213
1644430081,05/05/2016,4363,3.2,3.2,0.0,0.5,0.5,2.1,0.01,6,12,81,1341,2463,2463,1341,81,12,6,0.01,2.1,0.5,0.5,4363
1844505072,13/04/2016,4929,3.3,3.3,0.0,0.0,0.0,3.3,0.0,0,0,248,1192,1860,1860,1192,248,0,0,0.0,3.3,0.0,0.0,4929
1844505072,14/04/2016,7937,5.3,5.3,0.0,0.0,0.0,5.2,0.0,0,0,373,843,2130,2130,843,373,0,0,0.0,5.2,0.0,0.0,7937
1844505072,15/04/2016,3844,2.5,2.5,0.0,0.0,0.0,2.5,0.0,0,0,176,527,1725,1725,527,176,0,0,0.0,2.5,0.0,0.0,3844
1844505072,16/04/2016,3414,2.3,2.3,0.0,0.0,0.0,2.3,0.0,0,0,147,1293,1657,1657,1293,147,0,0,0.0,2.3,0.0,0.0,3414
1844505072,17/04/2016,4525,3.0,3.0,0.0,0.1,0.3,2.6,0.0,2,8,199,1231,1793,1793,1231,199,8,2,0.0,2.6,0.3,0.1,4525
1844505072,18/04/2016,4597,3.0,3.0,0.0,0.0,0.5,2.6,0.0,0,12,217,1211,1814,1814,1211,217,12,0,0.0,2.6,0.5,0.0,4597
1844505072,19/04/2016,197,0.1,0.1,0.0,0.0,0.0,0.1,0.0,0,0,10,1430,1366,1366,1430,10,0,0,0.0,0.1,0.0,0.0,197
1844505072,20/04/2016,8,0.0,0.0,0.0,0.0,0.0,0.0,0.0,0,0,1,1439,1349,1349,1439,1,0,0,0.0,0.0,0.0,0.0,8
1844505072,21/04/2016,8054,5.3,5.3,0.0,0.1,0.5,4.7,0.0,2,13,308,1117,2062,2062,1117,308,13,2,0.0,4.7,0.5,0.1,8054
1844505072,22/04/2016,5372,3.5,3.5,0.0,0.0,0.0,3.5,0.0,0,0,220,1220,1827,1827,1220,220,0,0,0.0,3.5,0.0,0.0,5372
1844505072,23/04/2016,3570,2.4,2.4,0.0,0.0,0.0,2.4,0.0,0,0,139,1301,1645,1645,1301,139,0,0,0.0,2.4,0.0,0.0,3570
1844505072,24/04/2016,0,0.0,0.0,0.0,0.0,0.0,0.0,0.0,0,0,0,1440,1347,1347,1440,0,0,0,0.0,0.0,0.0,0.0,0
1844505072,25/04/2016,0,0.0,0.0,0.0,0.0,0.0,0.0,0.0,0,0,0,1440,1347,1347,1440,0,0,0,0.0,0.0,0.0,0.0,0
1844505072,26/04/2016,0,0.0,0.0,0.0,0.0,0.0,0.0,0.0,0,0,0,1440,1347,1347,1440,0,0,0,0.0,0.0,0.0,0.0,0
1844505072,27/04/2016,4,0.0,0.0,0.0,0.0,0.0,0.0,0.0,0,0,1,1439,1348,1348,1439,1,0,0,0.0,0.0,0.0,0.0,4
1844505072,28/04/2016,6907,4.6,4.6,0.0,0.0,0.0,4.6,0.0,0,0,302,1138,1992,1992,1138,302,0,0,0.0,4.6,0.0,0.0,6907
1844505072,29/04/2016,4920,3.3,3.3,0.0,0.0,0.0,3.3,0.0,0,0,247,1082,1856,1856,1082,247,0,0,0.0,3.3,0.0,0.0,4920
1844505072,30/04/2016,4014,2.7,2.7,0.0,0.0,0.0,2.7,0.0,0,0,184,218,1763,1763,218,184,0,0,0.0,2.7,0.0,0.0,4014
1844505072,05/05/2016,2237,1.5,1.5,0.0,0.0,0.0,1.5,0.0,0,0,120,1320,1589,1589,1320,120,0,0,0.0,1.5,0.0,0.0,2237
1927972279,13/04/2016,356,0.3,0.3,0.0,0.0,0.0,0.3,0.0,0,0,32,986,2151,2151,986,32,0,0,0.0,0.3,0.0,0.0,356
1927972279,14/04/2016,2163,1.5,1.5,0.0,0.0,0.4,1.1,0.0,0,9,88,1292,2383,2383,1292,88,9,0,0.0,1.1,0.4,0.0,2163
1927972279,15/04/2016,980,0.7,0.7,0.0,0.0,0.0,0.7,0.0,0,0,51,941,2221,2221,941,51,0,0,0.0,0.7,0.0,0.0,980
1927972279,16/04/2016,0,0.0,0.0,0.0,0.0,0.0,0.0,0.0,0,0,0,1440,2064,2064,1440,0,0,0,0.0,0.0,0.0,0.0,0
1927972279,17/04/2016,0,0.0,0.0,0.0,0.0,0.0,0.0,0.0,0,0,0,1440,2063,2063,1440,0,0,0,0.0,0.0,0.0,0.0,0
1927972279,18/04/2016,244,0.2,0.2,0.0,0.0,0.0,0.2,0.0,0,0,17,1423,2111,2111,1423,17,0,0,0.0,0.2,0.0,0.0,244
1927972279,19/04/2016,0,0.0,0.0,0.0,0.0,0.0,0.0,0.0,0,0,0,1440,2063,2063,1440,0,0,0,0.0,0.0,0.0,0.0,0
1927972279,20/04/2016,0,0.0,0.0,0.0,0.0,0.0,0.0,0.0,0,0,0,1440,2063,2063,1440,0,0,0,0.0,0.0,0.0,0.0,0
1927972279,21/04/2016,0,0.0,0.0,0.0,0.0,0.0,0.0,0.0,0,0,0,1440,2064,2064,1440,0,0,0,0.0,0.0,0.0,0.0,0
1927972279,22/04/2016,149,0.1,0.1,0.0,0.0,0.0,0.1,0.0,0,0,10,1430,2093,2093,1430,10,0,0,0.0,0.1,0.0,0.0,149
1927972279,23/04/2016,2945,2.0,2.0,0.0,0.0,0.0,2.0,0.0,0,0,145,1295,2499,2499,1295,145,0,0,0.0,2.0,0.0,0.0,2945
1927972279,24/04/2016,2090,1.5,1.5,0.0,0.1,0.2,1.1,0.0,1,6,75,1358,2324,2324,1358,75,6,1,0.0,1.1,0.2,0.1,2090
1927972279,25/04/2016,152,0.1,0.1,0.0,0.0,0.0,0.1,0.0,0,0,12,1303,2100,2100,1303,12,0,0,0.0,0.1,0.0,0.0,152
1927972279,26/04/2016,3761,2.6,2.6,0.0,0.0,0.0,2.6,0.0,0,0,192,1058,2638,2638,1058,192,0,0,0.0,2.6,0.0,0.0,3761
1927972279,27/04/2016,0,0.0,0.0,0.0,0.0,0.0,0.0,0.0,0,0,0,1440,2063,2063,1440,0,0,0,0.0,0.0,0.0,0.0,0
1927972279,28/04/2016,1675,1.2,1.2,0.0,0.0,0.0,1.2,0.0,0,0,95,1167,2351,2351,1167,95,0,0,0.0,1.2,0.0,0.0,1675
1927972279,29/04/2016,0,0.0,0.0,0.0,0.0,0.0,0.0,0.0,0,0,0,1440,2063,2063,1440,0,0,0,0.0,0.0,0.0,0.0,0
1927972279,30/04/2016,0,0.0,0.0,0.0,0.0,0.0,0.0,0.0,0,0,0,1440,2064,2064,1440,0,0,0,0.0,0.0,0.0,0.0,0
1927972279,05/05/2016,0,0.0,0.0,0.0,0.0,0.0,0.0,0.0,0,0,0,1440,2063,2063,1440,0,0,0,0.0,0.0,0.0,0.0,0
2022484408,13/04/2016,12024,8.5,8.5,0.0,3.0,0.1,5.4,0.0,43,5,292,1100,2601,2601,1100,292,5,43,0.0,5.4,0.1,3.0,12024
2022484408,14/04/2016,10690,7.5,7.5,0.0,2.5,0.2,4.8,0.0,32,3,257,1148,2312,2312,1148,257,3,32,0.0,4.8,0.2,2.5,10690
2022484408,15/04/2016,11034,8.0,8.0,0.0,1.9,0.3,5.8,0.0,27,9,282,1122,2525,2525,1122,282,9,27,0.0,5.8,0.3,1.9,11034
2022484408,16/04/2016,10100,7.1,7.1,0.0,3.2,0.6,3.4,0.0,41,11,151,1237,2177,2177,1237,151,11,41,0.0,3.4,0.6,3.2,10100
2022484408,17/04/2016,15112,11.4,11.4,0.0,3.9,0.7,6.9,0.0,28,29,331,1052,2782,2782,1052,331,29,28,0.0,6.9,0.7,3.9,15112
2022484408,18/04/2016,14131,10.1,10.1,0.0,3.6,0.1,6.3,0.0,48,3,311,1078,2770,2770,1078,311,3,48,0.0,6.3,0.1,3.6,14131
2022484408,19/04/2016,11548,8.5,8.5,0.0,3.3,0.2,5.0,0.0,31,7,250,1152,2489,2489,1152,250,7,31,0.0,5.0,0.2,3.3,11548
2022484408,20/04/2016,15112,10.7,10.7,0.0,3.3,1.9,5.4,0.0,48,63,276,1053,2897,2897,1053,276,63,48,0.0,5.4,1.9,3.3,15112
2022484408,21/04/2016,12453,8.7,8.7,0.0,3.3,1.1,4.3,0.0,104,53,255,1028,3158,3158,1028,255,53,104,0.0,4.3,1.1,3.3,12453
2022484408,22/04/2016,12954,9.3,9.3,0.0,4.4,0.4,4.5,0.0,52,10,273,1105,2638,2638,1105,273,10,52,0.0,4.5,0.4,4.4,12954
2022484408,23/04/2016,6001,4.2,4.2,0.0,0.0,0.0,4.2,0.0,0,0,249,1191,2069,2069,1191,249,0,0,0.0,4.2,0.0,0.0,6001
2022484408,24/04/2016,13481,10.3,10.3,0.0,4.6,1.1,4.6,0.0,37,26,216,1161,2529,2529,1161,216,26,37,0.0,4.6,1.1,4.6,13481
2022484408,25/04/2016,11369,8.0,8.0,0.0,3.3,0.2,4.5,0.0,44,8,217,1171,2470,2470,1171,217,8,44,0.0,4.5,0.2,3.3,11369
2022484408,26/04/2016,10119,7.2,7.2,0.0,1.4,0.7,5.1,0.0,55,24,275,1086,2793,2793,1086,275,24,55,0.0,5.1,0.7,1.4,10119
2022484408,27/04/2016,10159,7.1,7.1,0.0,1.0,1.0,5.1,0.0,19,20,282,1119,2463,2463,1119,282,20,19,0.0,5.1,1.0,1.0,10159
2022484408,28/04/2016,10140,7.1,7.1,0.0,0.4,1.3,5.4,0.0,6,20,291,1123,2296,2296,1123,291,20,6,0.0,5.4,1.3,0.4,10140
2022484408,29/04/2016,10245,7.2,7.2,0.0,0.5,1.2,5.5,0.0,21,40,281,1098,2611,2611,1098,281,40,21,0.0,5.5,1.2,0.5,10245
2022484408,30/04/2016,18387,12.9,12.9,0.0,0.9,1.4,10.6,0.0,13,23,361,1043,2732,2732,1043,361,23,13,0.0,10.6,1.4,0.9,18387
2022484408,05/05/2016,11895,8.4,8.4,0.0,2.8,0.9,4.7,0.0,55,20,253,1112,2609,2609,1112,253,20,55,0.0,4.7,0.9,2.8,11895
2026352035,13/04/2016,4993,3.1,3.1,0.0,0.0,0.0,3.1,0.0,0,0,238,663,1521,1521,663,238,0,0,0.0,3.1,0.0,0.0,4993
2026352035,14/04/2016,3335,2.1,2.1,0.0,0.0,0.0,2.0,0.0,0,0,197,653,1431,1431,653,197,0,0,0.0,2.0,0.0,0.0,3335
2026352035,15/04/2016,3821,2.4,2.4,0.0,0.0,0.0,2.4,0.0,0,0,188,687,1444,1444,687,188,0,0,0.0,2.4,0.0,0.0,3821
2026352035,16/04/2016,2547,1.6,1.6,0.0,0.0,0.0,1.6,0.0,0,0,150,728,1373,1373,728,150,0,0,0.0,1.6,0.0,0.0,2547
2026352035,17/04/2016,838,0.5,0.5,0.0,0.0,0.0,0.5,0.0,0,0,60,1053,1214,1214,1053,60,0,0,0.0,0.5,0.0,0.0,838
2026352035,18/04/2016,3325,2.1,2.1,0.0,0.0,0.0,2.1,0.0,0,0,182,1062,1419,1419,1062,182,0,0,0.0,2.1,0.0,0.0,3325
2026352035,19/04/2016,2424,1.5,1.5,0.0,0.0,0.0,1.5,0.0,0,0,141,785,1356,1356,785,141,0,0,0.0,1.5,0.0,0.0,2424
2026352035,20/04/2016,7222,4.5,4.5,0.0,0.0,0.0,4.5,0.0,0,0,327,623,1667,1667,623,327,0,0,0.0,4.5,0.0,0.0,7222
2026352035,21/04/2016,2467,1.5,1.5,0.0,0.0,0.0,1.5,0.0,0,0,153,749,1370,1370,749,153,0,0,0.0,1.5,0.0,0.0,2467
2026352035,22/04/2016,2915,1.8,1.8,0.0,0.0,0.0,1.8,0.0,0,0,162,712,1399,1399,712,162,0,0,0.0,1.8,0.0,0.0,2915
2026352035,23/04/2016,12357,7.7,7.7,0.0,0.0,0.0,7.7,0.0,0,0,432,458,1916,1916,458,432,0,0,0.0,7.7,0.0,0.0,12357
2026352035,24/04/2016,3490,2.2,2.2,0.0,0.0,0.0,2.2,0.0,0,0,164,704,1401,1401,704,164,0,0,0.0,2.2,0.0,0.0,3490
2026352035,25/04/2016,6017,3.7,3.7,0.0,0.0,0.0,3.7,0.0,0,0,260,821,1576,1576,821,260,0,0,0.0,3.7,0.0,0.0,6017
2026352035,26/04/2016,5933,3.7,3.7,0.0,0.0,0.0,3.7,0.0,0,0,288,1018,1595,1595,1018,288,0,0,0.0,3.7,0.0,0.0,5933
2026352035,27/04/2016,6088,3.8,3.8,0.0,0.0,0.0,3.8,0.0,0,0,286,586,1593,1593,586,286,0,0,0.0,3.8,0.0,0.0,6088
2026352035,28/04/2016,6375,4.0,4.0,0.0,0.0,0.0,4.0,0.0,0,0,331,626,1649,1649,626,331,0,0,0.0,4.0,0.0,0.0,6375
2026352035,29/04/2016,7604,4.7,4.7,0.0,0.0,0.0,4.7,0.0,0,0,352,492,1692,1692,492,352,0,0,0.0,4.7,0.0,0.0,7604
2026352035,30/04/2016,4729,2.9,2.9,0.0,0.0,0.0,2.9,0.0,0,0,233,594,1506,1506,594,233,0,0,0.0,2.9,0.0,0.0,4729
2026352035,05/05/2016,12167,7.5,7.5,0.0,0.0,0.0,7.5,0.0,0,0,475,479,1926,1926,479,475,0,0,0.0,7.5,0.0,0.0,12167
2320127002,13/04/2016,7275,4.9,4.9,0.0,0.0,0.0,4.9,0.0,0,0,335,1105,2003,2003,1105,335,0,0,0.0,4.9,0.0,0.0,7275
2320127002,14/04/2016,3973,2.7,2.7,0.0,0.0,0.0,2.7,0.0,0,0,191,1249,1696,1696,1249,191,0,0,0.0,2.7,0.0,0.0,3973
2320127002,15/04/2016,5205,3.5,3.5,0.0,0.0,0.0,3.5,0.0,0,0,245,1195,1801,1801,1195,245,0,0,0.0,3.5,0.0,0.0,5205
2320127002,16/04/2016,5057,3.4,3.4,0.0,0.0,0.0,3.4,0.0,0,0,195,1245,1724,1724,1245,195,0,0,0.0,3.4,0.0,0.0,5057
2320127002,17/04/2016,6198,4.2,4.2,0.0,0.0,0.0,4.2,0.0,0,0,249,1191,1852,1852,1191,249,0,0,0.0,4.2,0.0,0.0,6198
2320127002,18/04/2016,6559,4.4,4.4,0.0,0.0,0.3,4.1,0.0,0,7,260,1173,1905,1905,1173,260,7,0,0.0,4.1,0.3,0.0,6559
2320127002,19/04/2016,5997,4.0,4.0,0.0,0.0,0.4,3.7,0.0,0,11,228,1201,1811,1811,1201,228,11,0,0.0,3.7,0.4,0.0,5997
2320127002,20/04/2016,7192,4.8,4.8,0.0,0.0,0.5,4.3,0.0,0,11,283,1146,1922,1922,1146,283,11,0,0.0,4.3,0.5,0.0,7192
2320127002,21/04/2016,3404,2.3,2.3,0.0,0.1,0.4,1.8,0.0,1,10,127,1302,1610,1610,1302,127,10,1,0.0,1.8,0.4,0.1,3404
2320127002,22/04/2016,5583,3.8,3.8,0.0,0.0,0.0,3.8,0.0,0,0,266,1174,1851,1851,1174,266,0,0,0.0,3.8,0.0,0.0,5583
2320127002,23/04/2016,5079,3.4,3.4,0.0,0.0,0.0,3.4,0.0,0,0,242,1129,1804,1804,1129,242,0,0,0.0,3.4,0.0,0.0,5079
2320127002,24/04/2016,4165,2.8,2.8,0.0,0.0,0.0,2.8,0.0,0,0,204,1236,1725,1725,1236,204,0,0,0.0,2.8,0.0,0.0,4165
2320127002,25/04/2016,3588,2.4,2.4,0.0,0.2,0.2,2.0,0.0,3,5,152,1280,1654,1654,1280,152,5,3,0.0,2.0,0.2,0.2,3588
2320127002,26/04/2016,3409,2.3,2.3,0.0,0.0,0.0,2.3,0.0,0,0,147,1293,1632,1632,1293,147,0,0,0.0,2.3,0.0,0.0,3409
2320127002,27/04/2016,1715,1.2,1.2,0.0,0.0,0.0,1.2,0.0,0,0,82,1358,1481,1481,1358,82,0,0,0.0,1.2,0.0,0.0,1715
2320127002,28/04/2016,1532,1.0,1.0,0.0,0.0,0.0,1.0,0.0,0,0,76,1364,1473,1473,1364,76,0,0,0.0,1.0,0.0,0.0,1532
2320127002,29/04/2016,924,0.6,0.6,0.0,0.0,0.0,0.6,0.0,0,0,45,1395,1410,1410,1395,45,0,0,0.0,0.6,0.0,0.0,924
2320127002,30/04/2016,4571,3.1,3.1,0.0,0.0,0.0,3.1,0.0,0,0,234,1206,1779,1779,1206,234,0,0,0.0,3.1,0.0,0.0,4571
2320127002,05/05/2016,5202,3.5,3.5,0.0,0.0,0.4,3.1,0.0,0,11,223,1206,1780,1780,1206,223,11,0,0.0,3.1,0.4,0.0,5202
2347167796,13/04/2016,10352,7.0,7.0,0.0,1.7,1.9,3.4,0.0,19,32,195,676,2038,2038,676,195,32,19,0.0,3.4,1.9,1.7,10352
2347167796,14/04/2016,10129,6.7,6.7,0.0,0.0,2.7,3.9,0.0,1,48,206,705,2010,2010,705,206,48,1,0.0,3.9,2.7,0.0,10129
2347167796,15/04/2016,10465,6.9,6.9,0.0,0.1,1.4,5.4,0.0,1,24,284,720,2133,2133,720,284,24,1,0.0,5.4,1.4,0.1,10465
2347167796,16/04/2016,22244,15.1,15.1,0.0,5.4,4.1,5.5,0.0,66,72,268,968,2670,2670,968,268,72,66,0.0,5.5,4.1,5.4,22244
2347167796,17/04/2016,5472,3.6,3.6,0.0,0.1,0.3,3.3,0.0,1,7,249,508,1882,1882,508,249,7,1,0.0,3.3,0.3,0.1,5472
2347167796,18/04/2016,8247,5.4,5.4,0.0,0.8,0.9,3.8,0.0,11,16,206,678,1944,1944,678,206,16,11,0.0,3.8,0.9,0.8,8247
2347167796,19/04/2016,6711,4.4,4.4,0.0,0.0,0.0,4.4,0.0,0,7,382,648,2346,2346,648,382,7,0,0.0,4.4,0.0,0.0,6711
2347167796,20/04/2016,10999,7.3,7.3,0.0,0.7,1.8,4.8,0.0,11,43,269,1011,2198,2198,1011,269,43,11,0.0,4.8,1.8,0.7,10999
2347167796,21/04/2016,10080,6.8,6.8,0.0,1.9,1.5,3.4,0.0,23,26,208,761,2048,2048,761,208,26,23,0.0,3.4,1.5,1.9,10080
2347167796,22/04/2016,7804,5.2,5.2,0.0,0.6,1.7,2.9,0.0,9,27,206,781,1946,1946,781,206,27,9,0.0,2.9,1.7,0.6,7804
2347167796,23/04/2016,16901,11.4,11.4,0.0,2.8,1.5,7.2,0.0,32,35,360,591,2629,2629,591,360,35,32,0.0,7.2,1.5,2.8,16901
2347167796,24/04/2016,9471,6.3,6.3,0.0,0.0,0.0,6.3,0.0,0,0,360,584,2187,2187,584,360,0,0,0.0,6.3,0.0,0.0,9471
2347167796,25/04/2016,9482,6.4,6.4,0.0,1.3,0.5,4.6,0.0,15,11,277,653,2095,2095,653,277,11,15,0.0,4.6,0.5,1.3,9482
2347167796,26/04/2016,5980,4.0,4.0,0.0,0.0,0.0,4.0,0.0,0,0,227,732,1861,1861,732,227,0,0,0.0,4.0,0.0,0.0,5980
2347167796,27/04/2016,11423,7.6,7.6,0.0,1.9,0.4,5.3,0.0,26,9,295,623,2194,2194,623,295,9,26,0.0,5.3,0.4,1.9,11423
2347167796,28/04/2016,5439,3.6,3.6,0.0,0.0,0.0,3.6,0.0,0,0,229,764,1854,1854,764,229,0,0,0.0,3.6,0.0,0.0,5439
2347167796,29/04/2016,42,0.0,0.0,0.0,0.0,0.0,0.0,0.0,0,0,4,2,403,403,2,4,0,0,0.0,0.0,0.0,0.0,42
2873212765,13/04/2016,7618,5.1,5.1,0.0,0.0,0.2,4.9,0.02,0,8,404,1028,2004,2004,1028,404,8,0,0.02,4.9,0.2,0.0,7618
2873212765,14/04/2016,7910,5.3,5.3,0.0,0.0,0.0,5.3,0.0,0,0,331,1109,1893,1893,1109,331,0,0,0.0,5.3,0.0,0.0,7910
2873212765,15/04/2016,8482,5.7,5.7,0.0,0.0,0.0,5.7,0.01,0,0,448,992,2063,2063,992,448,0,0,0.01,5.7,0.0,0.0,8482
2873212765,16/04/2016,9685,6.7,6.7,0.0,3.1,0.0,3.5,0.01,47,1,305,1087,2148,2148,1087,305,1,47,0.01,3.5,0.0,3.1,9685
2873212765,17/04/2016,2524,1.7,1.7,0.0,0.0,0.3,1.3,0.0,0,8,160,1272,1529,1529,1272,160,8,0,0.0,1.3,0.3,0.0,2524
2873212765,18/04/2016,7762,5.2,5.2,0.0,0.1,0.3,4.9,0.0,1,6,311,1122,1890,1890,1122,311,6,1,0.0,4.9,0.3,0.1,7762
2873212765,19/04/2016,7948,5.4,5.4,0.0,0.0,0.0,5.4,0.0,0,0,389,1051,1956,1956,1051,389,0,0,0.0,5.4,0.0,0.0,7948
2873212765,20/04/2016,9202,6.3,6.3,0.0,1.5,0.1,4.7,0.01,22,5,378,1035,2094,2094,1035,378,5,22,0.01,4.7,0.1,1.5,9202
2873212765,21/04/2016,8859,6.0,6.0,0.0,0.1,0.4,5.5,0.01,2,10,371,1057,1970,1970,1057,371,10,2,0.01,5.5,0.4,0.1,8859
2873212765,22/04/2016,7286,4.9,4.9,0.0,0.5,0.0,4.4,0.02,46,0,366,1028,2241,2241,1028,366,0,46,0.02,4.4,0.0,0.5,7286
2873212765,23/04/2016,9317,6.3,6.3,0.0,2.1,0.2,4.0,0.01,28,5,330,1077,2021,2021,1077,330,5,28,0.01,4.0,0.2,2.1,9317
2873212765,24/04/2016,6873,4.7,4.7,0.0,3.0,0.1,1.6,0.0,46,1,190,1203,1898,1898,1203,190,1,46,0.0,1.6,0.1,3.0,6873
2873212765,25/04/2016,7373,4.9,4.9,0.0,0.0,0.0,4.9,0.0,0,0,359,1081,1907,1907,1081,359,0,0,0.0,4.9,0.0,0.0,7373
2873212765,26/04/2016,8242,5.5,5.5,0.0,0.1,0.2,5.2,0.0,2,5,309,1124,1882,1882,1124,309,5,2,0.0,5.2,0.2,0.1,8242
2873212765,27/04/2016,3516,2.4,2.4,0.0,0.0,0.0,2.4,0.0,46,0,197,1197,1966,1966,1197,197,0,46,0.0,2.4,0.0,0.0,3516
2873212765,28/04/2016,7913,5.4,5.4,0.0,2.2,0.3,2.9,0.0,28,7,213,1192,1835,1835,1192,213,7,28,0.0,2.9,0.3,2.2,7913
2873212765,29/04/2016,7365,4.9,4.9,0.0,1.4,1.4,2.2,0.0,20,23,206,1191,1780,1780,1191,206,23,20,0.0,2.2,1.4,1.4,7365
2873212765,30/04/2016,8452,5.7,5.7,0.0,0.3,1.1,4.3,0.01,5,20,248,1167,1830,1830,1167,248,20,5,0.01,4.3,1.1,0.3,8452
2873212765,05/05/2016,8314,5.6,5.6,0.0,0.8,0.8,4.0,0.0,13,23,311,1093,1971,1971,1093,311,23,13,0.0,4.0,0.8,0.8,8314
3372868164,13/04/2016,9715,6.6,6.6,0.0,1.0,0.3,5.3,0.02,16,8,371,1045,2093,2093,1045,371,8,16,0.02,5.3,0.3,1.0,9715
3372868164,14/04/2016,8844,6.0,6.0,0.0,0.3,1.0,4.7,0.01,6,25,370,1039,2065,2065,1039,370,25,6,0.01,4.7,1.0,0.3,8844
3372868164,15/04/2016,7451,5.1,5.1,0.0,0.0,0.0,5.1,0.02,0,0,335,1105,1908,1908,1105,335,0,0,0.02,5.1,0.0,0.0,7451
3372868164,16/04/2016,6905,4.7,4.7,0.0,0.0,0.0,4.7,0.03,0,0,356,1084,1908,1908,1084,356,0,0,0.03,4.7,0.0,0.0,6905
3372868164,17/04/2016,8199,5.9,5.9,0.0,1.4,0.1,4.4,0.01,11,2,322,1105,1964,1964,1105,322,2,11,0.01,4.4,0.1,1.4,8199
3372868164,18/04/2016,6798,4.6,4.6,0.0,1.1,0.2,3.3,0.0,20,7,343,1070,2014,2014,1070,343,7,20,0.0,3.3,0.2,1.1,6798
3372868164,19/04/2016,7711,5.3,5.3,0.0,0.0,0.0,5.2,0.02,0,0,376,1064,1985,1985,1064,376,0,0,0.02,5.2,0.0,0.0,7711
3372868164,20/04/2016,4880,3.3,3.3,0.0,0.8,0.1,2.4,0.02,15,3,274,1148,1867,1867,1148,274,3,15,0.02,2.4,0.1,0.8,4880
3372868164,21/04/2016,8857,6.1,6.1,0.0,1.1,0.3,4.6,0.01,18,9,376,1037,2124,2124,1037,376,9,18,0.01,4.6,0.3,1.1,8857
3372868164,22/04/2016,3843,2.6,2.6,0.0,0.0,0.0,2.6,0.01,0,0,206,1234,1669,1669,1234,206,0,0,0.01,2.6,0.0,0.0,3843
3372868164,23/04/2016,7396,5.1,5.1,0.0,1.4,0.1,3.6,0.0,20,2,303,1115,1995,1995,1115,303,2,20,0.0,3.6,0.1,1.4,7396
3372868164,24/04/2016,6731,4.6,4.6,0.0,0.9,0.2,3.5,0.02,14,7,292,1127,1921,1921,1127,292,7,14,0.02,3.5,0.2,0.9,6731
3372868164,25/04/2016,5995,4.1,4.1,0.0,0.0,0.0,4.1,0.0,0,0,416,1024,2010,2010,1024,416,0,0,0.0,4.1,0.0,0.0,5995
3372868164,26/04/2016,8283,5.8,5.8,0.0,1.9,0.1,3.9,0.01,22,2,333,1083,2057,2057,1083,333,2,22,0.01,3.9,0.1,1.9,8283
3372868164,27/04/2016,7904,5.4,5.4,0.0,1.6,0.6,3.2,0.01,24,13,346,1057,2095,2095,1057,346,13,24,0.01,3.2,0.6,1.6,7904
3372868164,28/04/2016,5512,3.8,3.8,0.0,0.0,0.0,3.8,0.0,0,0,385,1055,1972,1972,1055,385,0,0,0.0,3.8,0.0,0.0,5512
3372868164,29/04/2016,9135,6.2,6.2,0.0,0.0,0.0,6.2,0.01,0,0,402,1038,2044,2044,1038,402,0,0,0.01,6.2,0.0,0.0,9135
3372868164,30/04/2016,5250,3.6,3.6,0.0,1.1,0.1,2.4,0.01,17,4,300,1119,1946,1946,1119,300,4,17,0.01,2.4,0.1,1.1,5250
3977333714,13/04/2016,10035,6.7,6.7,0.0,2.0,2.1,2.5,0.0,31,46,153,754,1495,1495,754,153,46,31,0.0,2.5,2.1,2.0,10035
3977333714,14/04/2016,7641,5.1,5.1,0.0,0.3,1.0,3.8,0.0,5,23,214,801,1433,1433,801,214,23,5,0.0,3.8,1.0,0.3,7641
3977333714,15/04/2016,9010,6.1,6.1,0.0,1.0,1.8,3.3,0.0,15,42,183,644,1468,1468,644,183,42,15,0.0,3.3,1.8,1.0,9010
3977333714,16/04/2016,13459,9.0,9.0,0.0,2.0,4.0,3.0,0.0,31,83,153,663,1625,1625,663,153,83,31,0.0,3.0,4.0,2.0,13459
3977333714,17/04/2016,10415,7.0,7.0,0.0,0.7,2.3,3.9,0.0,11,58,205,600,1529,1529,600,205,58,11,0.0,3.9,2.3,0.7,10415
3977333714,18/04/2016,11663,7.8,7.8,0.0,0.3,3.7,3.8,0.0,4,95,214,605,1584,1584,605,214,95,4,0.0,3.8,3.7,0.3,11663
3977333714,19/04/2016,12414,8.8,8.8,0.0,2.2,2.5,4.0,0.0,19,67,221,738,1638,1638,738,221,67,19,0.0,4.0,2.5,2.2,12414
3977333714,20/04/2016,11658,7.8,7.8,0.0,0.2,4.3,3.3,0.0,2,98,164,845,1554,1554,845,164,98,2,0.0,3.3,4.3,0.2,11658
3977333714,21/04/2016,6093,4.1,4.1,0.0,0.0,0.0,4.1,0.0,0,0,242,712,1397,1397,712,242,0,0,0.0,4.1,0.0,0.0,6093
3977333714,22/04/2016,8911,6.0,6.0,0.0,2.3,0.6,3.1,0.0,33,12,188,731,1481,1481,731,188,12,33,0.0,3.1,0.6,2.3,8911
3977333714,23/04/2016,12058,8.1,8.1,0.0,0.0,4.2,3.8,0.0,0,92,252,724,1638,1638,724,252,92,0,0.0,3.8,4.2,0.0,12058
3977333714,24/04/2016,14112,10.0,10.0,0.0,3.3,4.6,2.2,0.0,30,95,129,660,1655,1655,660,129,95,30,0.0,2.2,4.6,3.3,14112
3977333714,25/04/2016,11177,8.5,8.5,0.0,5.6,0.4,2.4,0.0,50,9,133,781,1570,1570,781,133,9,50,0.0,2.4,0.4,5.6,11177
3977333714,26/04/2016,11388,7.6,7.6,0.0,0.4,4.2,3.0,0.0,7,95,170,797,1551,1551,797,170,95,7,0.0,3.0,4.2,0.4,11388
3977333714,27/04/2016,7193,5.0,5.0,0.0,0.0,0.4,4.6,0.0,0,10,176,714,1377,1377,714,176,10,0,0.0,4.6,0.4,0.0,7193
3977333714,28/04/2016,7114,4.9,4.9,0.0,1.4,0.3,3.2,0.0,15,8,190,804,1407,1407,804,190,8,15,0.0,3.2,0.3,1.4,7114
3977333714,29/04/2016,10645,7.8,7.8,0.0,3.7,1.3,2.7,0.0,36,32,150,744,1545,1545,744,150,32,36,0.0,2.7,1.3,3.7,10645
3977333714,30/04/2016,13238,9.2,9.2,0.0,3.7,2.1,3.4,0.0,43,52,194,687,1650,1650,687,194,52,43,0.0,3.4,2.1,3.7,13238
3977333714,05/05/2016,12312,8.6,8.6,0.0,1.8,4.1,2.7,0.0,14,88,178,680,1618,1618,680,178,88,14,0.0,2.7,4.1,1.8,12312
4020332650,13/04/2016,0,0.0,0.0,0.0,0.0,0.0,0.0,0.0,0,0,0,1440,1981,1981,1440,0,0,0,0.0,0.0,0.0,0.0,0
4020332650,14/04/2016,108,0.1,0.1,0.0,0.0,0.0,0.0,0.0,0,0,3,1437,2011,2011,1437,3,0,0,0.0,0.0,0.0,0.0,108
4020332650,15/04/2016,1882,1.4,1.4,0.0,0.2,0.4,0.8,0.0,36,18,87,1299,2951,2951,1299,87,18,36,0.0,0.8,0.4,0.2,1882
4020332650,16/04/2016,1982,1.4,1.4,0.0,0.4,0.4,0.6,0.0,65,21,55,1222,3051,3051,1222,55,21,65,0.0,0.6,0.4,0.4,1982
4020332650,17/04/2016,16,0.0,0.0,0.0,0.0,0.0,0.0,0.0,0,0,2,1438,1990,1990,1438,2,0,0,0.0,0.0,0.0,0.0,16
4020332650,18/04/2016,62,0.0,0.0,0.0,0.0,0.0,0.0,0.0,0,0,2,1438,1995,1995,1438,2,0,0,0.0,0.0,0.0,0.0,62
4020332650,19/04/2016,0,0.0,0.0,0.0,0.0,0.0,0.0,0.0,0,0,0,1440,1980,1980,1440,0,0,0,0.0,0.0,0.0,0.0,0
4020332650,20/04/2016,0,0.0,0.0,0.0,0.0,0.0,0.0,0.0,0,0,0,1440,1980,1980,1440,0,0,0,0.0,0.0,0.0,0.0,0
4020332650,21/04/2016,0,0.0,0.0,0.0,0.0,0.0,0.0,0.0,0,0,0,1440,1980,1980,1440,0,0,0,0.0,0.0,0.0,0.0,0
4020332650,22/04/2016,0,0.0,0.0,0.0,0.0,0.0,0.0,0.0,0,0,0,1440,1980,1980,1440,0,0,0,0.0,0.0,0.0,0.0,0
4020332650,23/04/2016,0,0.0,0.0,0.0,0.0,0.0,0.0,0.0,0,0,0,1440,1980,1980,1440,0,0,0,0.0,0.0,0.0,0.0,0
4020332650,24/04/2016,0,0.0,0.0,0.0,0.0,0.0,0.0,0.0,0,0,0,1440,1980,1980,1440,0,0,0,0.0,0.0,0.0,0.0,0
4020332650,25/04/2016,0,0.0,0.0,0.0,0.0,0.0,0.0,0.0,0,0,0,1440,1980,1980,1440,0,0,0,0.0,0.0,0.0,0.0,0
4020332650,26/04/2016,0,0.0,0.0,0.0,0.0,0.0,0.0,0.0,0,0,0,1440,1980,1980,1440,0,0,0,0.0,0.0,0.0,0.0,0
4020332650,27/04/2016,0,0.0,0.0,0.0,0.0,0.0,0.0,0.0,0,0,0,1440,1980,1980,1440,0,0,0,0.0,0.0,0.0,0.0,0
4020332650,28/04/2016,0,0.0,0.0,0.0,0.0,0.0,0.0,0.0,0,0,0,1440,1980,1980,1440,0,0,0,0.0,0.0,0.0,0.0,0
4020332650,29/04/2016,0,0.0,0.0,0.0,0.0,0.0,0.0,0.0,0,0,0,1440,1980,1980,1440,0,0,0,0.0,0.0,0.0,0.0,0
4020332650,30/04/2016,0,0.0,0.0,0.0,0.0,0.0,0.0,0.0,0,0,0,1440,1980,1980,1440,0,0,0,0.0,0.0,0.0,0.0,0
4020332650,05/05/2016,11728,8.4,8.4,0.0,2.6,1.7,4.0,0.07,38,42,196,916,3429,3429,916,196,42,38,0.07,4.0,1.7,2.6,11728
4057192912,13/04/2016,5974,4.5,4.5,0.0,0.0,0.0,4.4,0.0,0,0,160,1280,2306,2306,1280,160,0,0,0.0,4.4,0.0,0.0,5974
4057192912,14/04/2016,0,0.0,0.0,0.0,0.0,0.0,0.0,0.0,0,0,0,1440,1776,1776,1440,0,0,0,0.0,0.0,0.0,0.0,0
4057192912,15/04/2016,3984,3.0,3.0,0.0,0.2,0.3,2.4,0.0,3,6,88,873,1527,1527,873,88,6,3,0.0,2.4,0.3,0.2,3984
4319703577,13/04/2016,8204,5.5,5.5,0.0,0.5,0.6,1.3,0.0,8,15,96,1234,2135,2135,1234,96,15,8,0.0,1.3,0.6,0.5,8204
4319703577,14/04/2016,10210,6.9,6.9,0.0,0.1,0.3,6.4,0.0,1,9,339,589,2302,2302,589,339,9,1,0.0,6.4,0.3,0.1,10210
4319703577,15/04/2016,5664,3.8,3.8,0.0,0.0,0.0,3.8,0.0,0,0,228,752,1985,1985,752,228,0,0,0.0,3.8,0.0,0.0,5664
4319703577,16/04/2016,4744,3.2,3.2,0.0,0.0,0.0,3.2,0.0,0,0,194,724,1884,1884,724,194,0,0,0.0,3.2,0.0,0.0,4744
4319703577,17/04/2016,29,0.0,0.0,0.0,0.0,0.0,0.0,0.0,0,0,3,1363,1464,1464,1363,3,0,0,0.0,0.0,0.0,0.0,29
4319703577,18/04/2016,2276,1.5,1.5,0.0,0.1,0.3,1.1,0.0,1,9,58,824,1632,1632,824,58,9,1,0.0,1.1,0.3,0.1,2276
4319703577,19/04/2016,8925,6.0,6.0,0.0,0.0,0.0,6.0,0.0,0,0,311,604,2200,2200,604,311,0,0,0.0,6.0,0.0,0.0,8925
4319703577,20/04/2016,8954,6.0,6.0,0.0,0.0,0.7,5.3,0.0,0,18,306,671,2220,2220,671,306,18,0,0.0,5.3,0.7,0.0,8954
4319703577,21/04/2016,3702,2.5,2.5,0.0,0.0,0.0,0.3,0.0,0,0,34,1265,1792,1792,1265,34,0,0,0.0,0.3,0.0,0.0,3702
4319703577,22/04/2016,4500,3.0,3.0,0.0,0.1,0.8,2.2,0.0,1,19,176,709,1886,1886,709,176,19,1,0.0,2.2,0.8,0.1,4500
4319703577,23/04/2016,4935,3.3,3.3,0.0,0.0,0.0,3.3,0.0,0,0,233,546,1945,1945,546,233,0,0,0.0,3.3,0.0,0.0,4935
4319703577,24/04/2016,4081,2.7,2.7,0.0,0.1,0.2,2.5,0.0,1,5,191,692,1880,1880,692,191,5,1,0.0,2.5,0.2,0.1,4081
4319703577,25/04/2016,9259,6.2,6.2,0.0,0.0,0.3,5.9,0.0,0,8,390,544,2314,2314,544,390,8,0,0.0,5.9,0.3,0.0,9259
4319703577,26/04/2016,9899,6.6,6.6,0.0,0.6,0.9,5.2,0.0,8,21,288,649,2236,2236,649,288,21,8,0.0,5.2,0.9,0.6,9899
4319703577,27/04/2016,10780,7.2,7.2,0.0,0.4,1.9,4.9,0.0,6,47,300,680,2324,2324,680,300,47,6,0.0,4.9,1.9,0.4,10780
4319703577,28/04/2016,10817,7.3,7.3,0.0,1.0,0.3,5.9,0.0,13,8,359,552,2367,2367,552,359,8,13,0.0,5.9,0.3,1.0,10817
4319703577,29/04/2016,7990,5.4,5.4,0.0,0.4,0.8,4.1,0.0,6,18,289,624,2175,2175,624,289,18,6,0.0,4.1,0.8,0.4,7990
4319703577,30/04/2016,8221,5.5,5.5,0.0,0.4,1.6,3.5,0.0,6,38,196,695,2092,2092,695,196,38,6,0.0,3.5,1.6,0.4,8221
4319703577,05/05/2016,13658,9.5,9.5,0.0,2.6,1.4,5.4,0.0,27,34,328,957,2530,2530,957,328,34,27,0.0,5.4,1.4,2.6,13658
4388161847,13/04/2016,10993,8.4,8.4,0.0,0.1,0.6,3.9,0.0,1,14,150,1275,3092,3092,1275,150,14,1,0.0,3.9,0.6,0.1,10993
4388161847,14/04/2016,8863,6.8,6.8,0.0,0.1,1.1,5.6,0.0,10,35,219,945,2998,2998,945,219,35,10,0.0,5.6,1.1,0.1,8863
4388161847,15/04/2016,8758,6.7,6.7,0.0,0.0,0.0,6.7,0.0,0,0,299,837,3066,3066,837,299,0,0,0.0,6.7,0.0,0.0,8758
4388161847,16/04/2016,6580,5.1,5.1,0.0,0.2,0.4,4.4,0.0,6,9,253,609,3073,3073,609,253,9,6,0.0,4.4,0.4,0.2,6580
4388161847,17/04/2016,4660,3.6,3.6,0.0,0.0,0.0,3.6,0.0,0,0,201,721,2572,2572,721,201,0,0,0.0,3.6,0.0,0.0,4660
4388161847,18/04/2016,11009,9.1,9.1,0.0,3.6,0.4,5.1,0.0,27,8,239,1017,3274,3274,1017,239,8,27,0.0,5.1,0.4,3.6,11009
4388161847,19/04/2016,10181,7.8,7.8,0.0,1.4,0.7,5.8,0.0,20,16,249,704,3015,3015,704,249,16,20,0.0,5.8,0.7,1.4,10181
4388161847,20/04/2016,10553,8.1,8.1,0.0,1.1,1.7,5.3,0.0,19,42,228,696,3083,3083,696,228,42,19,0.0,5.3,1.7,1.1,10553
4388161847,21/04/2016,10055,7.7,7.7,0.0,0.4,0.4,7.0,0.0,7,12,272,853,3069,3069,853,272,12,7,0.0,7.0,0.4,0.4,10055
4388161847,22/04/2016,12139,9.3,9.3,0.0,3.3,1.1,4.9,0.0,77,25,220,945,3544,3544,945,220,25,77,0.0,4.9,1.1,3.3,12139
4388161847,23/04/2016,13236,10.2,10.2,0.0,4.5,0.3,5.3,0.0,58,5,215,749,3306,3306,749,215,5,58,0.0,5.3,0.3,4.5,13236
4388161847,24/04/2016,10243,7.9,7.9,0.0,1.1,0.5,6.3,0.0,14,8,239,584,2885,2885,584,239,8,14,0.0,6.3,0.5,1.1,10243
4388161847,25/04/2016,12961,10.0,10.0,0.0,0.7,1.4,7.8,0.0,11,31,301,1054,3288,3288,1054,301,31,11,0.0,7.8,1.4,0.7,12961
4388161847,26/04/2016,9461,7.3,7.3,0.0,0.9,1.1,5.3,0.0,14,23,224,673,2929,2929,673,224,23,14,0.0,5.3,1.1,0.9,9461
4388161847,27/04/2016,11193,8.6,8.6,0.0,0.7,2.5,5.4,0.0,11,48,241,684,3074,3074,684,241,48,11,0.0,5.4,2.5,0.7,11193
4388161847,28/04/2016,10074,7.8,7.8,0.0,1.3,0.4,6.0,0.0,19,9,234,878,2969,2969,878,234,9,19,0.0,6.0,0.4,1.3,10074
4388161847,29/04/2016,9232,7.1,7.1,0.0,0.8,0.9,5.4,0.0,13,16,236,1175,2979,2979,1175,236,16,13,0.0,5.4,0.9,0.8,9232
4388161847,30/04/2016,12533,9.6,9.6,0.0,0.7,2.0,6.9,0.0,14,43,300,537,3283,3283,537,300,43,14,0.0,6.9,2.0,0.7,12533
4388161847,05/05/2016,9603,7.4,7.4,0.0,0.6,1.7,5.1,0.0,12,39,199,896,2899,2899,896,199,39,12,0.0,5.1,1.7,0.6,9603
4445114986,13/04/2016,2961,2.0,2.0,0.0,0.0,0.0,2.0,0.0,0,0,194,840,2095,2095,840,194,0,0,0.0,2.0,0.0,0.0,2961
4445114986,14/04/2016,3974,2.7,2.7,0.0,0.0,0.0,2.7,0.0,0,0,231,717,2194,2194,717,231,0,0,0.0,2.7,0.0,0.0,3974
4445114986,15/04/2016,7198,4.8,4.8,0.0,0.0,0.0,4.8,0.0,0,0,350,711,2496,2496,711,350,0,0,0.0,4.8,0.0,0.0,7198
4445114986,16/04/2016,3945,2.7,2.7,0.0,0.0,0.0,2.7,0.0,0,0,225,716,2180,2180,716,225,0,0,0.0,2.7,0.0,0.0,3945
4445114986,17/04/2016,2268,1.5,1.5,0.0,0.0,0.0,1.5,0.0,0,0,114,1219,1933,1933,1219,114,0,0,0.0,1.5,0.0,0.0,2268
4445114986,18/04/2016,6155,4.2,4.2,0.0,2.0,0.3,2.0,0.0,25,6,162,1247,2248,2248,1247,162,6,25,0.0,2.0,0.3,2.0,6155
4445114986,19/04/2016,2064,1.4,1.4,0.0,0.0,0.0,1.4,0.0,0,0,121,895,1954,1954,895,121,0,0,0.0,1.4,0.0,0.0,2064
4445114986,20/04/2016,2072,1.4,1.4,0.0,0.0,0.0,1.4,0.0,0,0,137,841,1974,1974,841,137,0,0,0.0,1.4,0.0,0.0,2072
4445114986,21/04/2016,3809,2.6,2.6,0.0,0.0,0.0,2.5,0.0,0,0,215,756,2150,2150,756,215,0,0,0.0,2.5,0.0,0.0,3809
4445114986,22/04/2016,6831,4.6,4.6,0.0,0.0,0.0,4.6,0.0,0,0,317,706,2432,2432,706,317,0,0,0.0,4.6,0.0,0.0,6831
4445114986,23/04/2016,4363,2.9,2.9,0.0,0.0,0.0,2.9,0.0,0,0,201,1239,2149,2149,1239,201,0,0,0.0,2.9,0.0,0.0,4363
4445114986,24/04/2016,5002,3.4,3.4,0.0,0.0,0.0,3.4,0.0,0,0,244,1196,2247,2247,1196,244,0,0,0.0,3.4,0.0,0.0,5002
4445114986,25/04/2016,3385,2.3,2.3,0.0,0.0,0.0,2.3,0.0,0,0,179,916,2070,2070,916,179,0,0,0.0,2.3,0.0,0.0,3385
4445114986,26/04/2016,6326,4.4,4.4,0.0,2.4,0.0,2.0,0.0,29,1,180,839,2291,2291,839,180,1,29,0.0,2.0,0.0,2.4,6326
4445114986,27/04/2016,7243,5.0,5.0,0.0,2.6,0.0,2.4,0.0,32,1,194,839,2361,2361,839,194,1,32,0.0,2.4,0.0,2.6,7243
4445114986,28/04/2016,4493,3.0,3.0,0.0,0.0,0.0,3.0,0.0,0,0,236,762,2203,2203,762,236,0,0,0.0,3.0,0.0,0.0,4493
4445114986,29/04/2016,4676,3.1,3.1,0.0,0.0,0.0,3.1,0.0,0,0,226,1106,2196,2196,1106,226,0,0,0.0,3.1,0.0,0.0,4676
4445114986,30/04/2016,6222,4.2,4.2,0.0,0.0,0.0,4.2,0.0,0,0,290,797,2363,2363,797,290,0,0,0.0,4.2,0.0,0.0,6222
4445114986,05/05/2016,3800,2.5,2.5,0.0,0.1,0.2,2.2,0.0,2,6,185,734,2120,2120,734,185,6,2,0.0,2.2,0.2,0.1,3800
4558609924,13/04/2016,4978,3.3,3.3,0.0,1.2,0.4,1.6,0.0,19,7,127,1287,1722,1722,1287,127,7,19,0.0,1.6,0.4,1.2,4978
4558609924,14/04/2016,6799,4.5,4.5,0.0,0.0,0.0,4.5,0.0,0,0,279,1161,1922,1922,1161,279,0,0,0.0,4.5,0.0,0.0,6799
4558609924,15/04/2016,7795,5.2,5.2,0.0,0.6,0.8,3.7,0.0,17,30,262,1131,2121,2121,1131,262,30,17,0.0,3.7,0.8,0.6,7795
4558609924,16/04/2016,7289,4.8,4.8,0.0,0.6,0.8,3.5,0.0,8,12,308,1112,1997,1997,1112,308,12,8,0.0,3.5,0.8,0.6,7289
4558609924,17/04/2016,9634,6.4,6.4,0.0,0.6,1.1,4.7,0.0,7,19,304,1110,2117,2117,1110,304,19,7,0.0,4.7,1.1,0.6,9634
4558609924,18/04/2016,8940,5.9,5.9,0.0,1.0,0.9,4.0,0.0,14,15,331,1080,2116,2116,1080,331,15,14,0.0,4.0,0.9,1.0,8940
4558609924,19/04/2016,5401,3.6,3.6,0.0,0.1,0.4,3.2,0.0,1,9,248,1182,1876,1876,1182,248,9,1,0.0,3.2,0.4,0.1,5401
4558609924,20/04/2016,4803,3.2,3.2,0.0,0.0,0.0,3.2,0.0,0,0,222,1218,1788,1788,1218,222,0,0,0.0,3.2,0.0,0.0,4803
4558609924,21/04/2016,13743,9.1,9.1,0.0,0.4,1.0,7.7,0.0,6,21,432,844,2486,2486,844,432,21,6,0.0,7.7,1.0,0.4,13743
4558609924,22/04/2016,9601,6.3,6.3,0.0,1.4,1.5,3.5,0.0,20,25,273,1122,2094,2094,1122,273,25,20,0.0,3.5,1.5,1.4,9601
4558609924,23/04/2016,6890,4.6,4.6,0.0,0.3,0.2,4.0,0.0,5,5,308,1122,2085,2085,1122,308,5,5,0.0,4.0,0.2,0.3,6890
4558609924,24/04/2016,8563,5.7,5.7,0.0,0.0,0.0,5.7,0.0,0,0,395,1045,2173,2173,1045,395,0,0,0.0,5.7,0.0,0.0,8563
4558609924,25/04/2016,8095,5.3,5.3,0.0,0.6,0.3,4.5,0.0,18,10,340,993,2225,2225,993,340,10,18,0.0,4.5,0.3,0.6,8095
4558609924,26/04/2016,9148,6.1,6.1,0.0,0.4,2.0,3.6,0.0,12,41,283,1062,2223,2223,1062,283,41,12,0.0,3.6,2.0,0.4,9148
4558609924,27/04/2016,9557,6.3,6.3,0.0,2.0,0.9,3.5,0.0,27,14,312,1087,2098,2098,1087,312,14,27,0.0,3.5,0.9,2.0,9557
4558609924,28/04/2016,9451,6.3,6.3,0.0,0.0,0.3,5.9,0.0,1,11,367,985,2185,2185,985,367,11,1,0.0,5.9,0.3,0.0,9451
4558609924,29/04/2016,7833,5.2,5.2,0.0,1.0,1.9,2.3,0.0,15,29,197,1096,1918,1918,1096,197,29,15,0.0,2.3,1.9,1.0,7833
4558609924,30/04/2016,10319,6.8,6.8,0.0,0.5,1.9,4.5,0.0,7,29,293,1111,2105,2105,1111,293,29,7,0.0,4.5,1.9,0.5,10319
4558609924,05/05/2016,10611,7.0,7.0,0.0,1.0,0.5,5.5,0.0,14,8,370,1048,2262,2262,1048,370,8,14,0.0,5.5,0.5,1.0,10611
4702921684,13/04/2016,6877,5.6,5.6,0.0,0.0,0.0,5.6,0.0,0,0,258,777,2898,2898,777,258,0,0,0.0,5.6,0.0,0.0,6877
4702921684,14/04/2016,7860,6.4,6.4,0.0,0.0,0.0,6.4,0.0,0,0,271,772,2984,2984,772,271,0,0,0.0,6.4,0.0,0.0,7860
4702921684,15/04/2016,6506,5.3,5.3,0.0,0.1,0.4,4.8,0.0,1,8,256,944,2896,2896,944,256,8,1,0.0,4.8,0.4,0.1,6506
4702921684,16/04/2016,11140,9.0,9.0,0.0,0.2,1.3,7.5,0.0,3,24,335,556,3328,3328,556,335,24,3,0.0,7.5,1.3,0.2,11140
4702921684,17/04/2016,12692,10.3,10.3,0.0,1.0,3.5,5.9,0.0,12,66,302,437,3394,3394,437,302,66,12,0.0,5.9,3.5,1.0,12692
4702921684,18/04/2016,9105,7.4,7.4,0.0,1.8,1.5,4.1,0.0,22,30,191,890,3013,3013,890,191,30,22,0.0,4.1,1.5,1.8,9105
4702921684,19/04/2016,6708,5.4,5.4,0.0,0.9,0.4,4.2,0.0,10,8,179,757,2812,2812,757,179,8,10,0.0,4.2,0.4,0.9,6708
4702921684,20/04/2016,8793,7.1,7.1,0.0,0.2,1.2,5.7,0.0,2,29,260,717,3061,3061,717,260,29,2,0.0,5.7,1.2,0.2,8793
4702921684,21/04/2016,6530,5.3,5.3,0.0,0.3,2.0,2.9,0.0,4,41,144,901,2729,2729,901,144,41,4,0.0,2.9,2.0,0.3,6530
4702921684,22/04/2016,1664,1.4,1.4,0.0,0.0,0.0,1.4,0.0,0,0,72,1341,2241,2241,1341,72,0,0,0.0,1.4,0.0,0.0,1664
4702921684,23/04/2016,15126,12.3,12.3,0.0,0.8,3.2,8.3,0.0,9,66,408,469,3691,3691,469,408,66,9,0.0,8.3,3.2,0.8,15126
4702921684,24/04/2016,15050,12.2,12.2,0.0,1.2,5.1,5.9,0.0,15,95,281,542,3538,3538,542,281,95,15,0.0,5.9,5.1,1.2,15050
4702921684,25/04/2016,9167,7.4,7.4,0.0,0.5,0.8,6.1,0.0,6,15,270,730,3064,3064,730,270,15,6,0.0,6.1,0.8,0.5,9167
4702921684,26/04/2016,6108,4.9,4.9,0.0,0.1,0.3,4.5,0.0,1,8,216,765,2784,2784,765,216,8,1,0.0,4.5,0.3,0.1,6108
4702921684,27/04/2016,7047,5.7,5.7,0.0,0.1,0.8,4.8,0.0,1,16,238,733,2908,2908,733,238,16,1,0.0,4.8,0.8,0.1,7047
4702921684,28/04/2016,9023,7.3,7.3,0.0,1.1,0.4,5.8,0.0,14,9,232,738,3033,3033,738,232,9,14,0.0,5.8,0.4,1.1,9023
4702921684,29/04/2016,9930,8.1,8.1,0.0,1.1,0.9,6.1,0.0,12,19,267,692,3165,3165,692,267,19,12,0.0,6.1,0.9,1.1,9930
4702921684,30/04/2016,10144,8.2,8.2,0.0,0.3,2.0,5.9,0.0,4,36,263,728,3115,3115,728,263,36,4,0.0,5.9,2.0,0.3,10144
4702921684,05/05/2016,8614,7.0,7.0,0.0,0.7,0.2,6.1,0.0,8,5,241,745,3006,3006,745,241,5,8,0.0,6.1,0.2,0.7,8614
5553957443,13/04/2016,4832,3.2,3.2,0.0,0.0,0.0,3.2,0.0,0,0,226,647,1718,1718,647,226,0,0,0.0,3.2,0.0,0.0,4832
5553957443,14/04/2016,17022,11.1,11.1,0.0,4.0,2.5,4.7,0.0,61,41,256,693,2324,2324,693,256,41,61,0.0,4.7,2.5,4.0,17022
5553957443,15/04/2016,16556,10.9,10.9,0.0,4.2,2.0,4.7,0.0,58,38,239,689,2254,2254,689,239,38,58,0.0,4.7,2.0,4.2,16556
5553957443,16/04/2016,5771,3.8,3.8,0.0,0.0,0.0,3.8,0.0,0,0,288,521,1831,1831,521,288,0,0,0.0,3.8,0.0,0.0,5771
5553957443,17/04/2016,655,0.4,0.4,0.0,0.0,0.0,0.4,0.0,0,0,46,943,1397,1397,943,46,0,0,0.0,0.4,0.0,0.0,655
5553957443,18/04/2016,3727,2.4,2.4,0.0,0.0,0.0,2.4,0.0,0,0,206,622,1683,1683,622,206,0,0,0.0,2.4,0.0,0.0,3727
5553957443,19/04/2016,15482,10.1,10.1,0.0,4.3,1.7,4.2,0.0,69,28,249,756,2284,2284,756,249,28,69,0.0,4.2,1.7,4.3,15482
5553957443,20/04/2016,2713,1.8,1.8,0.0,0.0,0.0,1.8,0.0,0,0,148,598,1570,1570,598,148,0,0,0.0,1.8,0.0,0.0,2713
5553957443,21/04/2016,12346,8.1,8.1,0.0,3.0,2.2,3.0,0.0,47,42,177,801,2066,2066,801,177,42,47,0.0,3.0,2.2,3.0,12346
5553957443,22/04/2016,11682,7.6,7.6,0.0,1.4,0.6,5.6,0.0,25,16,270,781,2105,2105,781,270,16,25,0.0,5.6,0.6,1.4,11682
5553957443,23/04/2016,4112,2.7,2.7,0.0,0.0,0.0,2.7,0.0,0,0,272,443,1776,1776,443,272,0,0,0.0,2.7,0.0,0.0,4112
5553957443,24/04/2016,1807,1.2,1.2,0.0,0.0,0.0,1.2,0.0,0,0,104,582,1507,1507,582,104,0,0,0.0,1.2,0.0,0.0,1807
5553957443,25/04/2016,10946,7.2,7.2,0.0,2.9,0.6,3.7,0.0,51,11,201,732,2033,2033,732,201,11,51,0.0,3.7,0.6,2.9,10946
5553957443,26/04/2016,11886,7.8,7.8,0.0,2.4,0.9,4.5,0.0,40,18,238,750,2093,2093,750,238,18,40,0.0,4.5,0.9,2.4,11886
5553957443,27/04/2016,10538,6.9,6.9,0.0,1.1,1.0,4.7,0.0,16,16,206,745,1922,1922,745,206,16,16,0.0,4.7,1.0,1.1,10538
5553957443,28/04/2016,11393,7.6,7.6,0.0,3.7,0.8,3.2,0.0,49,13,165,727,1999,1999,727,165,13,49,0.0,3.2,0.8,3.7,11393
5553957443,29/04/2016,12764,8.3,8.3,0.0,2.8,0.6,4.9,0.0,46,15,270,709,2169,2169,709,270,15,46,0.0,4.9,0.6,2.8,12764
5553957443,30/04/2016,1202,0.8,0.8,0.0,0.0,0.0,0.8,0.0,0,0,84,506,1463,1463,506,84,0,0,0.0,0.8,0.0,0.0,1202
5553957443,05/05/2016,14331,9.5,9.5,0.0,3.4,1.7,4.4,0.0,44,29,241,692,2156,2156,692,241,29,44,0.0,4.4,1.7,3.4,14331
5577150313,13/04/2016,5077,3.8,3.8,0.0,0.3,0.2,3.3,0.0,15,11,144,776,2551,2551,776,144,11,15,0.0,3.3,0.2,0.3,5077
5577150313,14/04/2016,8596,6.4,6.4,0.0,3.3,0.3,2.8,0.0,118,30,176,662,4022,4022,662,176,30,118,0.0,2.8,0.3,3.3,8596
5577150313,15/04/2016,12087,9.1,9.1,0.0,3.9,1.6,3.6,0.0,115,54,199,695,4005,4005,695,199,54,115,0.0,3.6,1.6,3.9,12087
5577150313,16/04/2016,14269,10.7,10.7,0.0,6.6,1.3,2.7,0.0,184,56,158,472,4274,4274,472,158,56,184,0.0,2.7,1.3,6.6,14269
5577150313,17/04/2016,12231,9.1,9.1,0.0,6.0,0.8,2.3,0.0,200,37,159,525,4552,4552,525,159,37,200,0.0,2.3,0.8,6.0,12231
5577150313,18/04/2016,9893,7.4,7.4,0.0,4.9,0.7,1.8,0.0,114,32,130,623,3625,3625,623,130,32,114,0.0,1.8,0.7,4.9,9893
5577150313,19/04/2016,12574,9.4,9.4,0.0,7.0,0.6,1.8,0.0,108,23,111,733,3501,3501,733,111,23,108,0.0,1.8,0.6,7.0,12574
5577150313,20/04/2016,8330,6.2,6.2,0.0,4.1,0.3,1.8,0.0,87,16,113,773,3192,3192,773,113,16,87,0.0,1.8,0.3,4.1,8330
5577150313,21/04/2016,10830,8.1,8.1,0.0,3.7,1.7,2.8,0.0,110,74,175,670,4018,4018,670,175,74,110,0.0,2.8,1.7,3.7,10830
5577150313,22/04/2016,9172,6.8,6.8,0.0,2.4,0.8,3.3,0.0,62,30,200,823,3329,3329,823,200,30,62,0.0,3.3,0.8,2.4,9172
5577150313,23/04/2016,7638,5.7,5.7,0.0,1.2,0.4,4.1,0.0,24,24,223,627,3152,3152,627,223,24,24,0.0,4.1,0.4,1.2,7638
5577150313,24/04/2016,15764,11.8,11.8,0.0,7.7,2.2,2.0,0.0,210,65,141,425,4392,4392,425,141,65,210,0.0,2.0,2.2,7.7,15764
5577150313,25/04/2016,6393,4.8,4.8,0.0,1.4,0.7,2.8,0.0,61,38,214,743,3374,3374,743,214,38,61,0.0,2.8,0.7,1.4,6393
5577150313,26/04/2016,5325,4.0,4.0,0.0,0.9,0.6,2.5,0.0,38,32,181,759,3088,3088,759,181,32,38,0.0,2.5,0.6,0.9,5325
5577150313,27/04/2016,6805,5.1,5.1,0.0,1.8,0.4,2.9,0.0,63,16,190,773,3294,3294,773,190,16,63,0.0,2.9,0.4,1.8,6805
5577150313,28/04/2016,9841,7.4,7.4,0.0,3.3,1.2,3.0,0.0,99,51,141,692,3580,3580,692,141,51,99,0.0,3.0,1.2,3.3,9841
5577150313,29/04/2016,7924,5.9,5.9,0.0,2.8,0.6,2.5,0.0,97,36,165,739,3544,3544,739,165,36,97,0.0,2.5,0.6,2.8,7924
5577150313,30/04/2016,12363,9.2,9.2,0.0,5.8,0.8,2.6,0.0,207,45,163,621,4501,4501,621,163,45,207,0.0,2.6,0.8,5.8,12363
5577150313,05/05/2016,7550,5.6,5.6,0.0,2.5,0.5,2.7,0.0,45,21,143,1153,3004,3004,1153,143,21,45,0.0,2.7,0.5,2.5,7550
6117666160,13/04/2016,0,0.0,0.0,0.0,0.0,0.0,0.0,0.0,0,0,0,1440,1496,1496,1440,0,0,0,0.0,0.0,0.0,0.0,0
6117666160,14/04/2016,0,0.0,0.0,0.0,0.0,0.0,0.0,0.0,0,0,0,1440,1496,1496,1440,0,0,0,0.0,0.0,0.0,0.0,0
6117666160,15/04/2016,14019,10.6,10.6,0.0,0.0,0.3,10.3,0.0,0,6,513,921,2865,2865,921,513,6,0,0.0,10.3,0.3,0.0,14019
6117666160,16/04/2016,14450,10.9,10.9,0.0,0.6,0.9,9.5,0.0,7,15,518,502,2828,2828,502,518,15,7,0.0,9.5,0.9,0.6,14450
6117666160,17/04/2016,7150,5.4,5.4,0.0,0.0,0.0,5.4,0.0,0,0,312,702,2225,2225,702,312,0,0,0.0,5.4,0.0,0.0,7150
6117666160,18/04/2016,5153,3.9,3.9,0.0,0.0,0.0,3.9,0.0,0,0,241,759,2018,2018,759,241,0,0,0.0,3.9,0.0,0.0,5153
6117666160,19/04/2016,11135,8.4,8.4,0.0,0.0,0.0,8.4,0.0,0,0,480,425,2606,2606,425,480,0,0,0.0,8.4,0.0,0.0,11135
6117666160,20/04/2016,10449,8.0,8.0,0.0,2.0,0.5,5.5,0.0,26,10,349,587,2536,2536,587,349,10,26,0.0,5.5,0.5,2.0,10449
6117666160,21/04/2016,19542,15.0,15.0,0.0,1.0,0.4,5.6,0.0,11,19,294,579,4900,4900,579,294,19,11,0.0,5.6,0.4,1.0,19542
6117666160,22/04/2016,8206,6.2,6.2,0.0,0.0,0.0,6.2,0.0,0,0,402,413,2409,2409,413,402,0,0,0.0,6.2,0.0,0.0,8206
6117666160,23/04/2016,11495,8.7,8.7,0.0,0.0,0.0,8.7,0.0,0,0,512,468,2651,2651,468,512,0,0,0.0,8.7,0.0,0.0,11495
6117666160,24/04/2016,7623,5.8,5.8,0.0,0.0,0.0,5.8,0.0,0,0,362,711,2305,2305,711,362,0,0,0.0,5.8,0.0,0.0,7623
6117666160,25/04/2016,0,0.0,0.0,0.0,0.0,0.0,0.0,0.0,0,0,0,1440,1497,1497,1440,0,0,0,0.0,0.0,0.0,0.0,0
6117666160,26/04/2016,9543,7.2,7.2,0.0,0.0,0.3,6.9,0.0,0,7,352,1077,2450,2450,1077,352,7,0,0.0,6.9,0.3,0.0,9543
6117666160,27/04/2016,9411,7.1,7.1,0.0,0.0,0.0,7.1,0.0,0,0,458,417,2576,2576,417,458,0,0,0.0,7.1,0.0,0.0,9411
6117666160,28/04/2016,3403,2.6,2.6,0.0,0.0,0.0,2.6,0.0,0,0,141,758,1879,1879,758,141,0,0,0.0,2.6,0.0,0.0,3403
6117666160,29/04/2016,9592,7.2,7.2,0.0,0.0,0.0,7.2,0.0,0,0,461,479,2560,2560,479,461,0,0,0.0,7.2,0.0,0.0,9592
6117666160,30/04/2016,6987,5.3,5.3,0.0,0.0,0.0,5.3,0.0,0,0,343,1040,2275,2275,1040,343,0,0,0.0,5.3,0.0,0.0,6987
6117666160,05/05/2016,9799,7.4,7.4,0.0,0.0,0.0,7.4,0.0,0,0,487,479,2636,2636,479,487,0,0,0.0,7.4,0.0,0.0,9799
6290855005,13/04/2016,7142,5.4,5.4,0.0,0.0,0.0,5.4,0.01,0,0,350,1090,2905,2905,1090,350,0,0,0.01,5.4,0.0,0.0,7142
6290855005,14/04/2016,7671,5.8,5.8,0.0,0.0,0.0,5.8,0.03,0,0,363,1077,2952,2952,1077,363,0,0,0.03,5.8,0.0,0.0,7671
6290855005,15/04/2016,9501,7.2,7.2,0.0,0.0,0.0,7.2,0.01,0,0,328,1112,2896,2896,1112,328,0,0,0.01,7.2,0.0,0.0,9501
6290855005,16/04/2016,8301,6.3,6.3,0.0,0.0,0.0,6.3,0.01,0,0,258,1182,2783,2783,1182,258,0,0,0.01,6.3,0.0,0.0,8301
6290855005,17/04/2016,7851,5.9,5.9,0.0,1.1,0.8,4.0,0.0,31,12,225,1172,3171,3171,1172,225,12,31,0.0,4.0,0.8,1.1,7851
6290855005,18/04/2016,6885,5.2,5.2,0.0,0.0,0.0,5.2,0.02,0,0,271,1169,2766,2766,1169,271,0,0,0.02,5.2,0.0,0.0,6885
6290855005,19/04/2016,7142,5.4,5.4,0.0,0.0,0.0,5.4,0.01,0,0,321,1119,2839,2839,1119,321,0,0,0.01,5.4,0.0,0.0,7142
6290855005,20/04/2016,6361,4.8,4.8,0.0,0.0,0.0,4.8,0.01,0,0,258,1182,2701,2701,1182,258,0,0,0.01,4.8,0.0,0.0,6361
6290855005,21/04/2016,0,0.0,0.0,0.0,0.0,0.0,0.0,0.0,0,0,0,1440,2060,2060,1440,0,0,0,0.0,0.0,0.0,0.0,0
6290855005,22/04/2016,6238,4.7,4.7,0.0,0.0,0.0,4.7,0.0,0,0,302,1138,2796,2796,1138,302,0,0,0.0,4.7,0.0,0.0,6238
6290855005,23/04/2016,0,0.0,0.0,0.0,0.0,0.0,0.0,0.0,33,0,0,1407,2664,2664,1407,0,0,33,0.0,0.0,0.0,0.0,0
6290855005,24/04/2016,5896,4.5,4.5,0.0,0.0,0.0,4.5,0.0,0,0,258,1182,2703,2703,1182,258,0,0,0.0,4.5,0.0,0.0,5896
6290855005,25/04/2016,7802,5.9,5.9,0.0,0.7,0.2,5.0,0.01,8,3,249,1180,2771,2771,1180,249,3,8,0.01,5.0,0.2,0.7,7802
6290855005,26/04/2016,0,0.0,0.0,0.0,0.0,0.0,0.0,0.0,0,0,0,1440,2060,2060,1440,0,0,0,0.0,0.0,0.0,0.0,0
6290855005,27/04/2016,5565,4.2,4.2,0.0,0.0,0.0,4.2,0.03,0,0,287,1153,2743,2743,1153,287,0,0,0.03,4.2,0.0,0.0,5565
6290855005,28/04/2016,5731,4.3,4.3,0.0,0.0,0.0,4.3,0.0,0,0,255,1185,2687,2687,1185,255,0,0,0.0,4.3,0.0,0.0,5731
6290855005,29/04/2016,0,0.0,0.0,0.0,0.0,0.0,0.0,0.0,0,0,0,1440,2060,2060,1440,0,0,0,0.0,0.0,0.0,0.0,0
6290855005,30/04/2016,6744,5.1,5.1,0.0,0.0,0.0,5.1,0.01,0,0,324,1116,2843,2843,1116,324,0,0,0.01,5.1,0.0,0.0,6744
6290855005,05/05/2016,6339,4.8,4.8,0.0,0.0,0.0,4.8,0.0,0,0,239,1201,2682,2682,1201,239,0,0,0.0,4.8,0.0,0.0,6339
6775888955,13/04/2016,4053,2.9,2.9,0.0,1.1,0.6,1.2,0.0,17,18,85,1053,2400,2400,1053,85,18,17,0.0,1.2,0.6,1.1,4053
6775888955,14/04/2016,5162,3.7,3.7,0.0,0.9,0.9,2.0,0.0,14,24,105,863,2507,2507,863,105,24,14,0.0,2.0,0.9,0.9,5162
6775888955,15/04/2016,1282,0.9,0.9,0.0,0.0,0.0,0.9,0.0,0,0,58,976,2127,2127,976,58,0,0,0.0,0.9,0.0,0.0,1282
6775888955,16/04/2016,4732,3.4,3.4,0.0,2.5,0.8,0.1,0.0,36,18,9,1377,2225,2225,1377,9,18,36,0.0,0.1,0.8,2.5,4732
6775888955,17/04/2016,2497,1.8,1.8,0.0,0.3,1.1,0.3,0.0,5,24,19,1392,2067,2067,1392,19,24,5,0.0,0.3,1.1,0.3,2497
6775888955,18/04/2016,8294,5.9,5.9,0.0,2.0,0.8,3.2,0.0,30,31,146,1233,2798,2798,1233,146,31,30,0.0,3.2,0.8,2.0,8294
6775888955,19/04/2016,0,0.0,0.0,0.0,0.0,0.0,0.0,0.0,0,0,0,1440,1841,1841,1440,0,0,0,0.0,0.0,0.0,0.0,0
6775888955,20/04/2016,10771,7.7,7.7,0.0,3.8,1.7,2.2,0.0,70,113,178,1079,3727,3727,1079,178,113,70,0.0,2.2,1.7,3.8,10771
6775888955,21/04/2016,0,0.0,0.0,0.0,0.0,0.0,0.0,0.0,0,0,0,1440,1841,1841,1440,0,0,0,0.0,0.0,0.0,0.0,0
6775888955,22/04/2016,637,0.5,0.5,0.0,0.0,0.0,0.5,0.0,0,0,20,1420,1922,1922,1420,20,0,0,0.0,0.5,0.0,0.0,637
6775888955,23/04/2016,0,0.0,0.0,0.0,0.0,0.0,0.0,0.0,0,0,0,1440,1841,1841,1440,0,0,0,0.0,0.0,0.0,0.0,0
6775888955,24/04/2016,2153,1.5,1.5,0.0,0.8,0.6,0.2,0.0,11,18,11,1400,2053,2053,1400,11,18,11,0.0,0.2,0.6,0.8,2153
6775888955,25/04/2016,6474,4.6,4.6,0.0,2.3,0.5,1.9,0.0,33,13,92,1302,2484,2484,1302,92,13,33,0.0,1.9,0.5,2.3,6474
6775888955,26/04/2016,7091,5.3,5.3,2.0,3.5,0.9,0.7,0.0,42,30,47,1321,2584,2584,1321,47,30,42,0.0,0.7,0.9,3.5,7091
6775888955,27/04/2016,0,0.0,0.0,0.0,0.0,0.0,0.0,0.0,0,0,0,1440,1841,1841,1440,0,0,0,0.0,0.0,0.0,0.0,0
6775888955,28/04/2016,703,0.5,0.5,0.0,0.1,0.2,0.2,0.0,2,13,15,1410,1993,1993,1410,15,13,2,0.0,0.2,0.2,0.1,703
6775888955,29/04/2016,0,0.0,0.0,0.0,0.0,0.0,0.0,0.0,0,0,0,1440,1841,1841,1440,0,0,0,0.0,0.0,0.0,0.0,0
6775888955,30/04/2016,2503,1.8,1.8,0.0,0.2,0.2,1.5,0.0,3,9,84,1344,2280,2280,1344,84,9,3,0.0,1.5,0.2,0.2,2503
6775888955,05/05/2016,0,0.0,0.0,0.0,0.0,0.0,0.0,0.0,0,0,0,1440,1841,1841,1440,0,0,0,0.0,0.0,0.0,0.0,0
6962181067,13/04/2016,5652,3.7,3.7,0.0,0.6,1.2,2.0,0.0,8,24,142,548,1718,1718,548,142,24,8,0.0,2.0,1.2,0.6,5652
6962181067,14/04/2016,1551,1.0,1.0,0.0,0.0,0.0,1.0,0.0,0,0,86,862,1466,1466,862,86,0,0,0.0,1.0,0.0,0.0,1551
6962181067,15/04/2016,5563,3.7,3.7,0.0,0.0,0.0,3.7,0.0,0,0,217,837,1756,1756,837,217,0,0,0.0,3.7,0.0,0.0,5563
6962181067,16/04/2016,13217,8.7,8.7,0.0,3.7,0.2,4.9,0.0,50,3,280,741,2173,2173,741,280,3,50,0.0,4.9,0.2,3.7,13217
6962181067,17/04/2016,10145,6.7,6.7,0.0,0.3,0.7,5.7,0.0,5,13,295,634,2027,2027,634,295,13,5,0.0,5.7,0.7,0.3,10145
6962181067,18/04/2016,11404,7.5,7.5,0.0,0.8,2.4,4.3,0.0,13,42,238,689,2039,2039,689,238,42,13,0.0,4.3,2.4,0.8,11404
6962181067,19/04/2016,10742,7.1,7.1,0.0,2.1,2.1,2.9,0.0,35,41,195,659,2046,2046,659,195,41,35,0.0,2.9,2.1,2.1,10742
6962181067,20/04/2016,13928,9.6,9.6,0.0,4.3,0.2,5.1,0.0,48,4,297,639,2174,2174,639,297,4,48,0.0,5.1,0.2,4.3,13928
6962181067,21/04/2016,11835,9.7,7.9,4.1,4.0,2.1,3.5,0.11,53,27,214,708,2179,2179,708,214,27,53,0.11,3.5,2.1,4.0,11835
6962181067,22/04/2016,10725,7.1,7.1,0.0,1.8,1.5,3.8,0.0,30,33,240,659,2086,2086,659,240,33,30,0.0,3.8,1.5,1.8,10725
6962181067,23/04/2016,20031,13.2,13.2,0.0,4.2,2.0,7.0,0.0,58,41,347,484,2571,2571,484,347,41,58,0.0,7.0,2.0,4.2,20031
6962181067,24/04/2016,5029,3.3,3.3,0.0,0.0,0.0,3.3,0.0,0,0,199,720,1705,1705,720,199,0,0,0.0,3.3,0.0,0.0,5029
6962181067,25/04/2016,13239,9.3,9.1,2.8,3.0,1.7,4.5,0.1,35,31,282,637,2194,2194,637,282,31,35,0.1,4.5,1.7,3.0,13239
6962181067,26/04/2016,10433,6.9,6.9,0.0,2.6,0.4,3.9,0.0,36,7,254,680,2012,2012,680,254,7,36,0.0,3.9,0.4,2.6,10433
6962181067,27/04/2016,10320,6.8,6.8,0.0,0.6,2.0,4.3,0.0,7,38,279,697,2034,2034,697,279,38,7,0.0,4.3,2.0,0.6,10320
6962181067,28/04/2016,12627,8.4,8.4,0.0,2.5,0.2,5.6,0.0,38,8,288,621,2182,2182,621,288,8,38,0.0,5.6,0.2,2.5,12627
6962181067,29/04/2016,10762,7.1,7.1,0.0,0.8,0.5,5.8,0.0,12,15,369,645,2254,2254,645,369,15,12,0.0,5.8,0.5,0.8,10762
6962181067,30/04/2016,10081,6.7,6.7,0.0,2.2,0.8,3.7,0.0,32,16,237,731,2002,2002,731,237,16,32,0.0,3.7,0.8,2.2,10081
6962181067,05/05/2016,10524,7.0,7.0,0.0,1.0,1.2,4.8,0.0,14,22,305,591,2066,2066,591,305,22,14,0.0,4.8,1.2,1.0,10524
7007744171,13/04/2016,12862,9.6,8.6,4.9,4.6,0.6,4.5,0.0,56,22,261,1101,2742,2742,1101,261,22,56,0.0,4.5,0.6,4.6,12862
7007744171,14/04/2016,11179,8.2,7.5,3.3,3.0,0.3,5.0,0.0,34,6,304,1096,2668,2668,1096,304,6,34,0.0,5.0,0.3,3.0,11179
7007744171,15/04/2016,5273,3.5,3.5,0.0,0.0,0.0,3.5,0.0,0,0,202,1238,2098,2098,1238,202,0,0,0.0,3.5,0.0,0.0,5273
7007744171,16/04/2016,4631,3.1,3.1,0.0,0.0,0.0,3.1,0.0,0,0,203,1155,2076,2076,1155,203,0,0,0.0,3.1,0.0,0.0,4631
7007744171,17/04/2016,8059,5.4,5.4,0.0,0.0,0.0,5.4,0.0,0,0,305,1135,2383,2383,1135,305,0,0,0.0,5.4,0.0,0.0,8059
7007744171,18/04/2016,14816,11.0,9.9,4.9,3.8,2.1,5.1,0.02,48,31,284,1077,2832,2832,1077,284,31,48,0.02,5.1,2.1,3.8,14816
7007744171,19/04/2016,14194,10.5,9.5,4.9,4.4,0.8,5.3,0.0,53,17,304,1066,2812,2812,1066,304,17,53,0.0,5.3,0.8,4.4,14194
7007744171,20/04/2016,15566,11.3,10.4,4.9,4.8,0.7,5.9,0.0,60,33,347,1000,3096,3096,1000,347,33,60,0.0,5.9,0.7,4.8,15566
7007744171,21/04/2016,13744,9.2,9.2,0.0,2.2,1.9,5.2,0.0,30,34,327,1049,2763,2763,1049,327,34,30,0.0,5.2,1.9,2.2,13744
7007744171,22/04/2016,15299,10.2,10.2,0.0,4.1,1.8,4.4,0.0,64,50,261,1065,2889,2889,1065,261,50,64,0.0,4.4,1.8,4.1,15299
7007744171,23/04/2016,8093,5.4,5.4,0.0,0.1,1.1,4.2,0.0,2,25,223,1190,2284,2284,1190,223,25,2,0.0,4.2,1.1,0.1,8093
7007744171,24/04/2016,11085,7.4,7.4,0.0,0.0,0.0,7.4,0.0,0,0,419,1021,2667,2667,1021,419,0,0,0.0,7.4,0.0,0.0,11085
7007744171,25/04/2016,18229,13.3,12.2,4.9,4.3,1.4,7.7,0.0,51,24,379,986,3055,3055,986,379,24,51,0.0,7.7,1.4,4.3,18229
7007744171,26/04/2016,15090,10.1,10.1,0.0,0.9,0.9,8.2,0.0,16,22,424,978,2939,2939,978,424,22,16,0.0,8.2,0.9,0.9,15090
7007744171,27/04/2016,13541,10.2,9.1,4.9,4.3,0.7,5.3,0.0,50,12,337,1041,2830,2830,1041,337,12,50,0.0,5.3,0.7,4.3,13541
7007744171,28/04/2016,15128,10.1,10.1,0.0,1.1,0.8,8.3,0.0,16,16,401,1007,2836,2836,1007,401,16,16,0.0,8.3,0.8,1.1,15128
7007744171,29/04/2016,20067,14.3,13.4,4.9,4.3,2.0,7.9,0.0,55,42,382,961,3180,3180,961,382,42,55,0.0,7.9,2.0,4.3,20067
7007744171,30/04/2016,3761,2.5,2.5,0.0,0.0,0.0,2.5,0.0,0,0,200,1240,2051,2051,1240,200,0,0,0.0,2.5,0.0,0.0,3761
7007744171,05/05/2016,15010,11.1,10.0,4.9,4.3,1.3,5.5,0.0,53,23,317,1047,2933,2933,1047,317,23,53,0.0,5.5,1.3,4.3,15010
7086361926,13/04/2016,5813,3.6,3.6,0.0,0.6,0.2,2.8,0.0,31,26,155,744,2516,2516,744,155,26,31,0.0,2.8,0.2,0.6,5813
7086361926,14/04/2016,9123,6.1,6.1,0.0,2.0,0.3,3.7,0.0,35,32,189,787,2734,2734,787,189,32,35,0.0,3.7,0.3,2.0,9123
7086361926,15/04/2016,8585,5.7,5.7,0.0,2.0,1.1,2.5,0.0,30,21,139,864,2395,2395,864,139,21,30,0.0,2.5,1.1,2.0,8585
7086361926,16/04/2016,31,0.0,0.0,0.0,0.0,0.0,0.0,0.0,0,0,3,1437,1635,1635,1437,3,0,0,0.0,0.0,0.0,0.0,31
7086361926,17/04/2016,0,0.0,0.0,0.0,0.0,0.0,0.0,0.0,0,0,0,1440,1629,1629,1440,0,0,0,0.0,0.0,0.0,0.0,0
7086361926,18/04/2016,9827,6.7,6.7,0.0,3.2,1.2,2.3,0.0,61,51,114,1136,2743,2743,1136,114,51,61,0.0,2.3,1.2,3.2,9827
7086361926,19/04/2016,10688,7.3,7.3,0.0,3.5,1.2,2.5,0.0,67,69,124,671,2944,2944,671,124,69,67,0.0,2.5,1.2,3.5,10688
7086361926,20/04/2016,14365,10.6,10.6,0.0,7.6,0.4,2.5,0.0,87,13,145,797,2997,2997,797,145,13,87,0.0,2.5,0.4,7.6,14365
7086361926,21/04/2016,9469,6.2,6.2,0.0,1.4,0.3,4.5,0.0,19,6,206,758,2463,2463,758,206,6,19,0.0,4.5,0.3,1.4,9469
7086361926,22/04/2016,9753,6.5,6.5,0.0,2.9,1.0,2.7,0.0,58,59,153,762,2846,2846,762,153,59,58,0.0,2.7,1.0,2.9,9753
7086361926,23/04/2016,2817,1.8,1.8,0.0,0.0,0.0,1.8,0.0,0,0,90,1350,1965,1965,1350,90,0,0,0.0,1.8,0.0,0.0,2817
7086361926,24/04/2016,3520,2.2,2.2,0.0,0.0,0.0,2.2,0.0,0,0,125,566,2049,2049,566,125,0,0,0.0,2.2,0.0,0.0,3520
7086361926,25/04/2016,10091,6.8,6.8,0.0,3.8,0.7,2.4,0.0,69,39,129,706,2752,2752,706,129,39,69,0.0,2.4,0.7,3.8,10091
7086361926,26/04/2016,10387,7.1,7.1,0.0,4.2,0.8,2.1,0.0,70,33,132,726,2781,2781,726,132,33,70,0.0,2.1,0.8,4.2,10387
7086361926,27/04/2016,11107,8.3,8.3,0.0,5.6,0.2,2.5,0.0,55,6,145,829,2693,2693,829,145,6,55,0.0,2.5,0.2,5.6,11107
7086361926,28/04/2016,11584,7.8,7.8,0.0,2.8,1.6,3.4,0.0,54,48,161,810,2862,2862,810,161,48,54,0.0,3.4,1.6,2.8,11584
7086361926,29/04/2016,7881,4.9,4.9,0.0,0.5,0.4,4.0,0.0,24,36,182,1198,2616,2616,1198,182,36,24,0.0,4.0,0.4,0.5,7881
7086361926,30/04/2016,14560,9.4,9.4,0.0,3.1,1.0,5.2,0.0,42,17,308,584,2995,2995,584,308,17,42,0.0,5.2,1.0,3.1,14560
7086361926,05/05/2016,8564,5.6,5.6,0.0,1.8,0.8,3.0,0.0,24,14,149,1253,2386,2386,1253,149,14,24,0.0,3.0,0.8,1.8,8564
8053475328,13/04/2016,16433,13.4,13.4,0.0,10.4,0.5,2.5,0.0,95,12,156,1177,3140,3140,1177,156,12,95,0.0,2.5,0.5,10.4,16433
8053475328,14/04/2016,20159,16.0,16.0,0.0,12.3,0.2,3.4,0.0,119,5,193,1123,3411,3411,1123,193,5,119,0.0,3.4,0.2,12.3,20159
8053475328,15/04/2016,20669,16.2,16.2,0.0,13.3,0.4,2.6,0.0,132,8,158,1142,3410,3410,1142,158,8,132,0.0,2.6,0.4,13.3,20669
8053475328,16/04/2016,14549,11.1,11.1,0.0,9.4,0.3,1.5,0.0,96,6,83,1255,2867,2867,1255,83,6,96,0.0,1.5,0.3,9.4,14549
8053475328,17/04/2016,18827,13.7,13.7,0.0,9.2,0.8,3.6,0.0,111,21,195,1113,3213,3213,1113,195,21,111,0.0,3.6,0.8,9.2,18827
8053475328,18/04/2016,17076,12.7,12.7,0.0,9.1,0.2,3.3,0.0,102,6,195,1137,3133,3133,1137,195,6,102,0.0,3.3,0.2,9.1,17076
8053475328,19/04/2016,15929,12.5,12.5,0.0,9.2,0.3,3.0,0.0,90,7,191,1152,3114,3114,1152,191,7,90,0.0,3.0,0.3,9.2,15929
8053475328,20/04/2016,15108,12.2,12.2,0.0,9.6,0.2,2.4,0.0,89,5,158,695,3043,3043,695,158,5,89,0.0,2.4,0.2,9.6,15108
8053475328,21/04/2016,16057,12.5,12.5,0.0,9.7,0.3,2.6,0.0,100,6,170,1164,3103,3103,1164,170,6,100,0.0,2.6,0.3,9.7,16057
8053475328,22/04/2016,10520,8.3,8.3,0.0,6.3,0.2,1.9,0.0,60,3,117,1260,2655,2655,1260,117,3,60,0.0,1.9,0.2,6.3,10520
8053475328,23/04/2016,22359,17.2,17.2,0.0,12.5,0.6,4.0,0.0,125,14,223,741,3554,3554,741,223,14,125,0.0,4.0,0.6,12.5,22359
8053475328,24/04/2016,22988,18.0,18.0,0.0,13.1,1.5,3.3,0.0,129,33,182,1096,3577,3577,1096,182,33,129,0.0,3.3,1.5,13.1,22988
8053475328,25/04/2016,20500,15.7,15.7,0.0,11.4,0.5,3.9,0.0,118,9,209,1104,3403,3403,1104,209,9,118,0.0,3.9,0.5,11.4,20500
8053475328,26/04/2016,12685,9.6,9.6,0.0,6.3,0.2,3.1,0.0,68,5,185,1182,2846,2846,1182,185,5,68,0.0,3.1,0.2,6.3,12685
8053475328,27/04/2016,12422,9.8,9.8,0.0,6.5,0.4,2.9,0.0,60,10,183,1187,2852,2852,1187,183,10,60,0.0,2.9,0.4,6.5,12422
8053475328,28/04/2016,15447,12.4,12.4,0.0,9.7,0.4,2.3,0.0,90,9,153,1188,3062,3062,1188,153,9,90,0.0,2.3,0.4,9.7,15447
8053475328,29/04/2016,12315,9.6,9.6,0.0,6.2,0.3,3.2,0.0,58,8,159,1215,2794,2794,1215,159,8,58,0.0,3.2,0.3,6.2,12315
8053475328,30/04/2016,7135,5.6,5.6,0.0,3.0,0.1,2.5,0.0,27,1,131,1281,2408,2408,1281,131,1,27,0.0,2.5,0.1,3.0,7135
8053475328,05/05/2016,14990,11.5,11.5,0.0,8.9,0.4,2.2,0.0,93,9,130,1208,2950,2950,1208,130,9,93,0.0,2.2,0.4,8.9,14990
8253242879,13/04/2016,8053,6.1,6.1,0.0,4.2,0.6,1.3,0.0,35,11,96,1298,1935,1935,1298,96,11,35,0.0,1.3,0.6,4.2,8053
8253242879,14/04/2016,5234,3.5,3.5,0.0,1.9,1.0,0.5,0.0,29,16,33,1362,1705,1705,1362,33,16,29,0.0,0.5,1.0,1.9,5234
8253242879,15/04/2016,2672,1.8,1.8,0.0,0.0,0.0,1.8,0.0,0,0,105,1335,1632,1632,1335,105,0,0,0.0,1.8,0.0,0.0,2672
8253242879,16/04/2016,9256,6.1,6.1,0.0,0.4,3.3,2.5,0.0,6,51,115,1268,1880,1880,1268,115,51,6,0.0,2.5,3.3,0.4,9256
8253242879,17/04/2016,10204,7.9,7.9,0.0,5.4,0.2,2.3,0.0,41,5,157,1237,2112,2112,1237,157,5,41,0.0,2.3,0.2,5.4,10204
8253242879,18/04/2016,5151,3.5,3.5,0.0,1.0,0.6,1.8,0.0,16,16,130,1278,1829,1829,1278,130,16,16,0.0,1.8,0.6,1.0,5151
8253242879,19/04/2016,4212,2.8,2.8,0.0,0.0,0.0,2.8,0.0,0,0,164,1276,1763,1763,1276,164,0,0,0.0,2.8,0.0,0.0,4212
8253242879,20/04/2016,6466,4.3,4.3,0.0,0.3,0.8,3.1,0.01,5,18,216,1201,1931,1931,1201,216,18,5,0.01,3.1,0.8,0.3,6466
8253242879,21/04/2016,11268,8.6,8.6,0.0,5.9,0.9,1.8,0.0,49,20,172,1199,2218,2218,1199,172,20,49,0.0,1.8,0.9,5.9,11268
8253242879,22/04/2016,2824,1.9,1.9,0.0,0.0,0.0,1.9,0.0,0,0,120,1320,1651,1651,1320,120,0,0,0.0,1.9,0.0,0.0,2824
8253242879,23/04/2016,9282,6.3,6.3,0.0,2.1,1.0,3.1,0.0,30,26,191,1193,2132,2132,1193,191,26,30,0.0,3.1,1.0,2.1,9282
8253242879,24/04/2016,8905,7.1,7.1,0.0,5.6,0.2,1.3,0.0,41,4,82,1313,1976,1976,1313,82,4,41,0.0,1.3,0.2,5.6,8905
8253242879,25/04/2016,6829,4.5,4.5,0.0,0.4,2.4,1.8,0.0,7,54,118,1261,1909,1909,1261,118,54,7,0.0,1.8,2.4,0.4,6829
8253242879,26/04/2016,4562,3.0,3.0,0.0,1.2,0.5,1.4,0.0,19,14,108,1299,1813,1813,1299,108,14,19,0.0,1.4,0.5,1.2,4562
8253242879,27/04/2016,10232,8.2,8.2,0.0,6.2,0.2,1.7,0.0,45,5,104,1286,2008,2008,1286,104,5,45,0.0,1.7,0.2,6.2,10232
8253242879,28/04/2016,2718,1.8,1.8,0.0,0.7,0.8,0.3,0.0,11,16,20,1393,1580,1580,1393,20,16,11,0.0,0.3,0.8,0.7,2718
8253242879,29/04/2016,6260,4.3,4.3,0.0,1.3,0.5,2.4,0.0,16,14,136,1257,1854,1854,1257,136,14,16,0.0,2.4,0.5,1.3,6260
8253242879,30/04/2016,0,0.0,0.0,0.0,0.0,0.0,0.0,0.0,0,0,0,1440,0,0,1440,0,0,0,0.0,0.0,0.0,0.0,0
8378563200,13/04/2016,12386,9.8,9.8,2.1,5.0,0.6,4.2,0.0,116,14,169,680,4079,4079,680,169,14,116,0.0,4.2,0.6,5.0,12386
8378563200,14/04/2016,13318,10.6,10.6,2.3,5.6,1.0,3.9,0.0,123,21,174,699,4163,4163,699,174,21,123,0.0,3.9,1.0,5.6,13318
8378563200,15/04/2016,14461,11.5,11.5,0.0,4.9,1.1,5.4,0.0,60,23,190,729,3666,3666,729,190,23,60,0.0,5.4,1.1,4.9,14461
8378563200,16/04/2016,11207,8.9,8.9,0.0,5.4,1.1,2.4,0.0,64,21,142,563,3363,3363,563,142,21,64,0.0,2.4,1.1,5.4,11207
8378563200,17/04/2016,2132,1.7,1.7,0.0,0.0,0.0,1.7,0.0,0,0,93,599,2572,2572,599,93,0,0,0.0,1.7,0.0,0.0,2132
8378563200,18/04/2016,13630,10.8,10.8,2.1,5.1,0.6,5.2,0.0,117,10,174,720,4157,4157,720,174,10,117,0.0,5.2,0.6,5.1,13630
8378563200,19/04/2016,13070,10.4,10.4,2.3,5.3,0.9,4.2,0.0,120,19,154,737,4092,4092,737,154,19,120,0.0,4.2,0.9,5.3,13070
8378563200,20/04/2016,9388,7.4,7.4,2.1,2.2,0.4,4.8,0.0,82,8,169,763,3787,3787,763,169,8,82,0.0,4.8,0.4,2.2,9388
8378563200,21/04/2016,15148,12.0,12.0,2.3,6.9,0.8,4.3,0.0,137,16,145,677,4236,4236,677,145,16,137,0.0,4.3,0.8,6.9,15148
8378563200,22/04/2016,12200,9.7,9.7,2.1,4.9,0.6,4.2,0.0,113,12,159,769,4044,4044,769,159,12,113,0.0,4.2,0.6,4.9,12200
8378563200,23/04/2016,5709,4.5,4.5,0.0,1.5,0.5,2.5,0.0,19,10,136,740,2908,2908,740,136,10,19,0.0,2.5,0.5,1.5,5709
8378563200,24/04/2016,3703,2.9,2.9,0.0,0.0,0.0,2.9,0.0,0,0,135,734,2741,2741,734,135,0,0,0.0,2.9,0.0,0.0,3703
8378563200,25/04/2016,12405,9.8,9.8,2.1,5.1,0.9,3.9,0.0,117,16,141,692,4005,4005,692,141,16,117,0.0,3.9,0.9,5.1,12405
8378563200,26/04/2016,16208,12.9,12.9,0.0,7.5,0.9,4.4,0.0,90,18,161,593,3763,3763,593,161,18,90,0.0,4.4,0.9,7.5,16208
8378563200,27/04/2016,7359,5.8,5.8,0.0,0.3,0.2,5.3,0.0,4,4,192,676,3061,3061,676,192,4,4,0.0,5.3,0.2,0.3,7359
8378563200,28/04/2016,5417,4.3,4.3,0.0,0.9,0.5,2.9,0.0,11,10,139,711,2884,2884,711,139,10,11,0.0,2.9,0.5,0.9,5417
8378563200,29/04/2016,6175,4.9,4.9,0.0,0.3,0.4,4.3,0.0,3,7,172,767,2982,2982,767,172,7,3,0.0,4.3,0.4,0.3,6175
8378563200,30/04/2016,2946,2.3,2.3,0.0,0.0,0.0,2.3,0.0,0,0,121,780,2660,2660,780,121,0,0,0.0,2.3,0.0,0.0,2946
8378563200,05/05/2016,8567,6.8,6.8,2.3,0.9,0.2,5.7,0.0,66,3,214,764,3783,3783,764,214,3,66,0.0,5.7,0.2,0.9,8567
8583815059,13/04/2016,5571,4.3,4.3,0.0,0.2,1.0,3.2,0.0,2,23,163,1252,2654,2654,1252,163,23,2,0.0,3.2,1.0,0.2,5571
8583815059,14/04/2016,3135,2.5,2.5,0.0,0.0,0.0,2.4,0.0,0,0,134,1306,2443,2443,1306,134,0,0,0.0,2.4,0.0,0.0,3135
8583815059,15/04/2016,3430,2.7,2.7,0.0,0.0,0.0,0.9,0.0,0,0,65,1375,2505,2505,1375,65,0,0,0.0,0.9,0.0,0.0,3430
8583815059,16/04/2016,5319,4.2,4.2,0.0,0.0,0.0,0.0,0.0,0,0,0,1440,2693,2693,1440,0,0,0,0.0,0.0,0.0,0.0,5319
8583815059,17/04/2016,3008,2.3,2.3,0.0,0.0,0.0,0.0,0.0,0,0,0,1440,2439,2439,1440,0,0,0,0.0,0.0,0.0,0.0,3008
8583815059,18/04/2016,3864,3.0,3.0,0.0,0.3,1.1,1.4,0.0,4,22,105,1309,2536,2536,1309,105,22,4,0.0,1.4,1.1,0.3,3864
8583815059,19/04/2016,5697,4.4,4.4,0.0,0.5,0.5,3.4,0.0,7,10,166,1257,2668,2668,1257,166,10,7,0.0,3.4,0.5,0.5,5697
8583815059,20/04/2016,5273,4.1,4.1,0.0,0.0,1.0,3.1,0.0,0,27,167,1246,2647,2647,1246,167,27,0,0.0,3.1,1.0,0.0,5273
8583815059,21/04/2016,8538,6.7,6.7,0.0,2.6,1.0,3.0,0.0,35,18,158,1229,2883,2883,1229,158,18,35,0.0,3.0,1.0,2.6,8538
8583815059,22/04/2016,8687,6.8,6.8,0.0,0.3,2.4,4.1,0.0,4,54,212,1170,2944,2944,1170,212,54,4,0.0,4.1,2.4,0.3,8687
8583815059,23/04/2016,9423,7.3,7.3,0.0,0.5,2.0,4.8,0.0,7,44,238,1151,3012,3012,1151,238,44,7,0.0,4.8,2.0,0.5,9423
8583815059,24/04/2016,8286,6.5,6.5,0.0,0.2,2.0,4.3,0.0,2,44,206,1188,2889,2889,1188,206,44,2,0.0,4.3,2.0,0.2,8286
8583815059,25/04/2016,4503,3.5,3.5,0.0,1.5,0.2,1.8,0.0,18,6,122,1294,2547,2547,1294,122,6,18,0.0,1.8,0.2,1.5,4503
8583815059,26/04/2016,10499,8.2,8.2,0.0,0.1,4.2,3.9,0.0,1,91,214,1134,3093,3093,1134,214,91,1,0.0,3.9,4.2,0.1,10499
8583815059,27/04/2016,12474,9.7,9.7,0.0,6.6,0.3,2.9,0.0,77,5,129,1229,3142,3142,1229,129,5,77,0.0,2.9,0.3,6.6,12474
8583815059,28/04/2016,6174,4.8,4.8,0.0,0.0,1.2,3.6,0.0,0,28,203,1209,2757,2757,1209,203,28,0,0.0,3.6,1.2,0.0,6174
8583815059,29/04/2016,15168,11.8,11.8,0.0,3.9,3.0,4.9,0.0,46,67,258,1069,3513,3513,1069,258,67,46,0.0,4.9,3.0,3.9,15168
8583815059,30/04/2016,10085,7.9,7.9,0.0,0.2,1.3,6.4,0.0,2,28,317,1093,3164,3164,1093,317,28,2,0.0,6.4,1.3,0.2,10085
8583815059,05/05/2016,12427,9.7,9.7,0.0,0.0,0.0,1.2,0.0,0,0,70,1370,3266,3266,1370,70,0,0,0.0,1.2,0.0,0.0,12427
8792009665,13/04/2016,1320,0.8,0.8,0.0,0.0,0.0,0.8,0.0,0,0,82,806,1934,1934,806,82,0,0,0.0,0.8,0.0,0.0,1320
8792009665,14/04/2016,1219,0.8,0.8,0.0,0.0,0.0,0.8,0.0,0,0,84,853,1963,1963,853,84,0,0,0.0,0.8,0.0,0.0,1219
8792009665,15/04/2016,2483,1.6,1.6,0.0,0.0,0.0,1.6,0.0,0,0,126,937,2009,2009,937,126,0,0,0.0,1.6,0.0,0.0,2483
8792009665,16/04/2016,244,0.2,0.2,0.0,0.0,0.0,0.2,0.0,0,0,12,1428,1721,1721,1428,12,0,0,0.0,0.2,0.0,0.0,244
8792009665,17/04/2016,0,0.0,0.0,0.0,0.0,0.0,0.0,0.0,0,0,0,1440,1688,1688,1440,0,0,0,0.0,0.0,0.0,0.0,0
8792009665,18/04/2016,0,0.0,0.0,0.0,0.0,0.0,0.0,0.0,0,0,0,1440,1688,1688,1440,0,0,0,0.0,0.0,0.0,0.0,0
8792009665,19/04/2016,0,0.0,0.0,0.0,0.0,0.0,0.0,0.0,0,0,0,1440,1688,1688,1440,0,0,0,0.0,0.0,0.0,0.0,0
8792009665,20/04/2016,3147,2.0,2.0,0.0,0.0,0.3,1.7,0.0,0,10,139,744,2188,2188,744,139,10,0,0.0,1.7,0.3,0.0,3147
8792009665,21/04/2016,144,0.1,0.1,0.0,0.0,0.0,0.1,0.0,0,0,9,1431,1720,1720,1431,9,0,0,0.0,0.1,0.0,0.0,144
8792009665,22/04/2016,4068,2.6,2.6,0.0,0.1,0.3,2.3,0.0,1,20,195,817,2419,2419,817,195,20,1,0.0,2.3,0.3,0.1,4068
8792009665,23/04/2016,5245,3.4,3.4,0.0,0.2,0.4,2.8,0.0,8,45,232,795,2748,2748,795,232,45,8,0.0,2.8,0.4,0.2,5245
8792009665,24/04/2016,400,0.3,0.3,0.0,0.0,0.1,0.2,0.0,3,8,19,1410,1799,1799,1410,19,8,3,0.0,0.2,0.1,0.0,400
8792009665,25/04/2016,0,0.0,0.0,0.0,0.0,0.0,0.0,0.0,0,0,0,1440,1688,1688,1440,0,0,0,0.0,0.0,0.0,0.0,0
8792009665,26/04/2016,1321,0.9,0.9,0.0,0.0,0.0,0.9,0.0,0,0,80,1360,1928,1928,1360,80,0,0,0.0,0.9,0.0,0.0,1321
8792009665,27/04/2016,1758,1.1,1.1,0.0,0.0,0.0,1.1,0.0,0,0,112,900,2067,2067,900,112,0,0,0.0,1.1,0.0,0.0,1758
8792009665,28/04/2016,6157,3.9,3.9,0.0,0.0,0.0,3.9,0.0,0,0,310,714,2780,2780,714,310,0,0,0.0,3.9,0.0,0.0,6157
8792009665,29/04/2016,8360,5.3,5.3,0.0,0.1,0.3,4.9,0.0,6,14,380,634,3101,3101,634,380,14,6,0.0,4.9,0.3,0.1,8360
8792009665,30/04/2016,7174,4.6,4.6,0.0,0.3,0.4,3.9,0.0,10,20,301,749,2896,2896,749,301,20,10,0.0,3.9,0.4,0.3,7174
8792009665,05/05/2016,0,0.0,0.0,0.0,0.0,0.0,0.0,0.0,0,0,0,1440,1688,1688,1440,0,0,0,0.0,0.0,0.0,0.0,0
8877689391,13/04/2016,15337,9.6,9.6,0.0,3.5,0.4,5.6,0.0,108,18,216,1098,3566,3566,1098,216,18,108,0.0,5.6,0.4,3.5,15337
8877689391,14/04/2016,21129,19.0,19.0,0.0,10.6,0.6,7.8,0.02,68,13,298,1061,3793,3793,1061,298,13,68,0.02,7.8,0.6,10.6,21129
8877689391,15/04/2016,13422,7.2,7.2,0.0,0.1,0.1,7.0,0.01,106,1,281,1052,3934,3934,1052,281,1,106,0.01,7.0,0.1,0.1,13422
8877689391,16/04/2016,29326,25.3,25.3,0.0,13.2,1.2,10.7,0.0,94,29,429,888,4547,4547,888,429,29,94,0.0,10.7,1.2,13.2,29326
8877689391,17/04/2016,15118,8.9,8.9,0.0,0.0,0.1,8.8,0.0,58,15,307,1060,3545,3545,1060,307,15,58,0.0,8.8,0.1,0.0,15118
8877689391,18/04/2016,11423,8.7,8.7,0.0,2.4,0.3,5.9,0.0,29,5,191,1215,2761,2761,1215,191,5,29,0.0,5.9,0.3,2.4,11423
8877689391,19/04/2016,18785,17.4,17.4,0.0,12.1,0.2,5.0,0.0,82,13,214,1131,3676,3676,1131,214,13,82,0.0,5.0,0.2,12.1,18785
8877689391,20/04/2016,19948,18.1,18.1,0.0,11.0,0.7,6.3,0.0,73,19,225,1123,3679,3679,1123,225,19,73,0.0,6.3,0.7,11.0,19948
8877689391,21/04/2016,19377,17.6,17.6,0.0,12.3,0.4,4.9,0.0,82,13,226,1119,3659,3659,1119,226,13,82,0.0,4.9,0.4,12.3,19377
8877689391,22/04/2016,18258,16.3,16.3,0.0,10.2,0.0,6.0,0.05,61,2,236,1141,3427,3427,1141,236,2,61,0.05,6.0,0.0,10.2,18258
8877689391,23/04/2016,11200,7.4,7.4,0.0,0.0,0.0,7.4,0.01,102,6,300,1032,3891,3891,1032,300,6,102,0.01,7.4,0.0,0.0,11200
8877689391,24/04/2016,16674,15.7,15.7,0.0,11.0,0.0,4.7,0.0,64,1,227,1148,3455,3455,1148,227,1,64,0.0,4.7,0.0,11.0,16674
8877689391,25/04/2016,12986,8.7,8.7,0.0,2.4,0.1,6.3,0.01,113,8,218,1101,3802,3802,1101,218,8,113,0.01,6.3,0.1,2.4,12986
8877689391,26/04/2016,11101,8.4,8.4,0.0,1.8,0.1,6.5,0.0,22,3,258,1157,2860,2860,1157,258,3,22,0.0,6.5,0.1,1.8,11101
8877689391,27/04/2016,23629,20.6,20.6,0.0,13.1,0.4,7.1,0.0,93,8,235,1104,3808,3808,1104,235,8,93,0.0,7.1,0.4,13.1,23629
8877689391,28/04/2016,14890,11.3,11.3,0.0,4.9,0.4,6.0,0.0,58,8,231,1143,3060,3060,1143,231,8,58,0.0,6.0,0.4,4.9,14890
8877689391,29/04/2016,9733,7.4,7.4,0.0,1.4,0.2,5.8,0.0,18,5,210,1207,2698,2698,1207,210,5,18,0.0,5.8,0.2,1.4,9733
8877689391,30/04/2016,27745,26.7,26.7,0.0,21.7,0.1,4.9,0.0,124,4,223,1089,4398,4398,1089,223,4,124,0.0,4.9,0.1,21.7,27745
8877689391,05/05/2016,14055,10.7,10.7,0.0,5.5,0.8,4.4,0.0,67,15,188,1170,3052,3052,1170,188,15,67,0.0,4.4,0.8,5.5,14055
