Id,ActivityDay,TotalSteps,TotalDistance,TrackerDistance,LoggedActivitiesDistance,VeryActiveDistance_x,ModeratelyActiveDistance_x,LightActiveDistance_x,SedentaryActiveDistance_x,VeryActiveMinutes_x,FairlyActiveMinutes_x,LightlyActiveMinutes_x,SedentaryMinutes_x,Calories_x,Calories_y,SedentaryMinutes_y,LightlyActiveMinutes_y,FairlyActiveMinutes_y,VeryActiveMinutes_y,SedentaryActiveDistance_y,LightActiveDistance_y,ModeratelyActiveDistance_y,VeryActiveDistance_y,StepTotal,SleepDay,TotalSleepRecords,TotalMinutesAsleep,TotalTimeInBed
1503960366,13/04/2016,10735,7.0,7.0,0.0,1.6,0.7,4.7,0.0,21,19,217,776,1797,1797,776,217,19,21,0.0,4.7,0.7,1.6,10735,13/04/2016,2,384,407
1503960366,15/04/2016,9762,6.3,6.3,0.0,2.1,1.3,2.8,0.0,29,34,209,726,1745,1745,726,209,34,29,0.0,2.8,1.3,2.1,9762,15/04/2016,1,412,442
1503960366,16/04/2016,12669,8.2,8.2,0.0,2.7,0.4,5.0,0.0,36,10,221,773,1863,1863,773,221,10,36,0.0,5.0,0.4,2.7,12669,16/04/2016,2,340,367
1503960366,17/04/2016,9705,6.5,6.5,0.0,3.2,0.8,2.5,0.0,38,20,164,539,1728,1728,539,164,20,38,0.0,2.5,0.8,3.2,9705,17/04/2016,1,700,712
1503960366,19/04/2016,15506,9.9,9.9,0.0,3.5,1.3,5.0,0.0,50,31,264,775,2035,2035,775,264,31,50,0.0,5.0,1.3,3.5,15506,19/04/2016,1,304,320
1503960366,20/04/2016,10544,6.7,6.7,0.0,2.0,0.5,4.2,0.0,28,12,205,818,1786,1786,818,205,12,28,0.0,4.2,0.5,2.0,10544,20/04/2016,1,360,377
1503960366,21/04/2016,9819,6.3,6.3,0.0,1.3,0.3,4.7,0.0,19,8,211,838,1775,1775,838,211,8,19,0.0,4.7,0.3,1.3,9819,21/04/2016,1,325,364
1503960366,23/04/2016,14371,9.0,9.0,0.0,2.8,0.9,5.4,0.0,41,21,262,732,1949,1949,732,262,21,41,0.0,5.4,0.9,2.8,14371,23/04/2016,1,361,384
1503960366,24/04/2016,10039,6.4,6.4,0.0,2.9,0.2,3.3,0.0,39,5,238,709,1788,1788,709,238,5,39,0.0,3.3,0.2,2.9,10039,24/04/2016,1,430,449
1503960366,25/04/2016,15355,9.8,9.8,0.0,5.3,0.6,3.9,0.0,73,14,216,814,2013,2013,814,216,14,73,0.0,3.9,0.6,5.3,15355,25/04/2016,1,277,323
1503960366,26/04/2016,13755,8.8,8.8,0.0,2.3,0.9,5.5,0.0,31,23,279,833,1970,1970,833,279,23,31,0.0,5.5,0.9,2.3,13755,26/04/2016,1,245,274
1503960366,28/04/2016,13154,8.5,8.5,0.0,3.5,1.2,3.8,0.0,48,28,189,782,1898,1898,782,189,28,48,0.0,3.8,1.2,3.5,13154,28/04/2016,1,366,393
1503960366,29/04/2016,11181,7.2,7.2,0.0,1.1,0.5,5.6,0.0,16,12,243,815,1837,1837,815,243,12,16,0.0,5.6,0.5,1.1,11181,29/04/2016,1,341,354
1503960366,30/04/2016,14673,9.3,9.3,0.0,3.6,1.4,4.3,0.0,52,34,217,712,1947,1947,712,217,34,52,0.0,4.3,1.4,3.6,14673,30/04/2016,1,404,425
1503960366,05/05/2016,14070,8.9,8.9,0.0,2.9,1.1,4.9,0.0,45,24,250,857,1959,1959,857,250,24,45,0.0,4.9,1.1,2.9,14070,05/05/2016,1,247,264
1644430081,29/04/2016,3176,2.3,2.3,0.0,0.0,0.0,2.3,0.0,0,0,120,1193,2498,2498,1193,120,0,0,0.0,2.3,0.0,0.0,3176,29/04/2016,1,119,127
1644430081,30/04/2016,18213,13.2,13.2,0.0,0.6,3.1,9.5,0.0,9,71,402,816,3846,3846,816,402,71,9,0.0,9.5,3.1,0.6,18213,30/04/2016,1,124,142
1844505072,15/04/2016,3844,2.5,2.5,0.0,0.0,0.0,2.5,0.0,0,0,176,527,1725,1725,527,176,0,0,0.0,2.5,0.0,0.0,3844,15/04/2016,1,644,961
1844505072,30/04/2016,4014,2.7,2.7,0.0,0.0,0.0,2.7,0.0,0,0,184,218,1763,1763,218,184,0,0,0.0,2.7,0.0,0.0,4014,30/04/2016,1,722,961
1927972279,13/04/2016,356,0.3,0.3,0.0,0.0,0.0,0.3,0.0,0,0,32,986,2151,2151,986,32,0,0,0.0,0.3,0.0,0.0,356,13/04/2016,1,398,422
1927972279,15/04/2016,980,0.7,0.7,0.0,0.0,0.0,0.7,0.0,0,0,51,941,2221,2221,941,51,0,0,0.0,0.7,0.0,0.0,980,15/04/2016,2,475,499
1927972279,26/04/2016,3761,2.6,2.6,0.0,0.0,0.0,2.6,0.0,0,0,192,1058,2638,2638,1058,192,0,0,0.0,2.6,0.0,0.0,3761,26/04/2016,1,296,315
1927972279,28/04/2016,1675,1.2,1.2,0.0,0.0,0.0,1.2,0.0,0,0,95,1167,2351,2351,1167,95,0,0,0.0,1.2,0.0,0.0,1675,28/04/2016,1,166,178
2026352035,13/04/2016,4993,3.1,3.1,0.0,0.0,0.0,3.1,0.0,0,0,238,663,1521,1521,663,238,0,0,0.0,3.1,0.0,0.0,4993,13/04/2016,1,531,565
2026352035,14/04/2016,3335,2.1,2.1,0.0,0.0,0.0,2.0,0.0,0,0,197,653,1431,1431,653,197,0,0,0.0,2.0,0.0,0.0,3335,14/04/2016,1,545,568
2026352035,15/04/2016,3821,2.4,2.4,0.0,0.0,0.0,2.4,0.0,0,0,188,687,1444,1444,687,188,0,0,0.0,2.4,0.0,0.0,3821,15/04/2016,1,523,573
2026352035,16/04/2016,2547,1.6,1.6,0.0,0.0,0.0,1.6,0.0,0,0,150,728,1373,1373,728,150,0,0,0.0,1.6,0.0,0.0,2547,16/04/2016,1,524,567
2026352035,17/04/2016,838,0.5,0.5,0.0,0.0,0.0,0.5,0.0,0,0,60,1053,1214,1214,1053,60,0,0,0.0,0.5,0.0,0.0,838,17/04/2016,1,437,498
2026352035,19/04/2016,2424,1.5,1.5,0.0,0.0,0.0,1.5,0.0,0,0,141,785,1356,1356,785,141,0,0,0.0,1.5,0.0,0.0,2424,19/04/2016,1,498,540
2026352035,20/04/2016,7222,4.5,4.5,0.0,0.0,0.0,4.5,0.0,0,0,327,623,1667,1667,623,327,0,0,0.0,4.5,0.0,0.0,7222,20/04/2016,1,461,510
2026352035,21/04/2016,2467,1.5,1.5,0.0,0.0,0.0,1.5,0.0,0,0,153,749,1370,1370,749,153,0,0,0.0,1.5,0.0,0.0,2467,21/04/2016,1,477,514
2026352035,22/04/2016,2915,1.8,1.8,0.0,0.0,0.0,1.8,0.0,0,0,162,712,1399,1399,712,162,0,0,0.0,1.8,0.0,0.0,2915,22/04/2016,1,520,545
2026352035,23/04/2016,12357,7.7,7.7,0.0,0.0,0.0,7.7,0.0,0,0,432,458,1916,1916,458,432,0,0,0.0,7.7,0.0,0.0,12357,23/04/2016,1,522,554
2026352035,24/04/2016,3490,2.2,2.2,0.0,0.0,0.0,2.2,0.0,0,0,164,704,1401,1401,704,164,0,0,0.0,2.2,0.0,0.0,3490,24/04/2016,1,555,591
2026352035,25/04/2016,6017,3.7,3.7,0.0,0.0,0.0,3.7,0.0,0,0,260,821,1576,1576,821,260,0,0,0.0,3.7,0.0,0.0,6017,25/04/2016,1,506,531
2026352035,27/04/2016,6088,3.8,3.8,0.0,0.0,0.0,3.8,0.0,0,0,286,586,1593,1593,586,286,0,0,0.0,3.8,0.0,0.0,6088,27/04/2016,1,508,545
2026352035,28/04/2016,6375,4.0,4.0,0.0,0.0,0.0,4.0,0.0,0,0,331,626,1649,1649,626,331,0,0,0.0,4.0,0.0,0.0,6375,28/04/2016,1,513,545
2026352035,29/04/2016,7604,4.7,4.7,0.0,0.0,0.0,4.7,0.0,0,0,352,492,1692,1692,492,352,0,0,0.0,4.7,0.0,0.0,7604,29/04/2016,1,490,510
2026352035,30/04/2016,4729,2.9,2.9,0.0,0.0,0.0,2.9,0.0,0,0,233,594,1506,1506,594,233,0,0,0.0,2.9,0.0,0.0,4729,30/04/2016,1,573,607
2026352035,05/05/2016,12167,7.5,7.5,0.0,0.0,0.0,7.5,0.0,0,0,475,479,1926,1926,479,475,0,0,0.0,7.5,0.0,0.0,12167,05/05/2016,1,468,485
2320127002,23/04/2016,5079,3.4,3.4,0.0,0.0,0.0,3.4,0.0,0,0,242,1129,1804,1804,1129,242,0,0,0.0,3.4,0.0,0.0,5079,23/04/2016,1,61,69
2347167796,13/04/2016,10352,7.0,7.0,0.0,1.7,1.9,3.4,0.0,19,32,195,676,2038,2038,676,195,32,19,0.0,3.4,1.9,1.7,10352,13/04/2016,1,467,531
2347167796,14/04/2016,10129,6.7,6.7,0.0,0.0,2.7,3.9,0.0,1,48,206,705,2010,2010,705,206,48,1,0.0,3.9,2.7,0.0,10129,14/04/2016,1,445,489
2347167796,15/04/2016,10465,6.9,6.9,0.0,0.1,1.4,5.4,0.0,1,24,284,720,2133,2133,720,284,24,1,0.0,5.4,1.4,0.1,10465,15/04/2016,1,452,504
2347167796,17/04/2016,5472,3.6,3.6,0.0,0.1,0.3,3.3,0.0,1,7,249,508,1882,1882,508,249,7,1,0.0,3.3,0.3,0.1,5472,17/04/2016,1,556,602
2347167796,18/04/2016,8247,5.4,5.4,0.0,0.8,0.9,3.8,0.0,11,16,206,678,1944,1944,678,206,16,11,0.0,3.8,0.9,0.8,8247,18/04/2016,1,500,557
2347167796,19/04/2016,6711,4.4,4.4,0.0,0.0,0.0,4.4,0.0,0,7,382,648,2346,2346,648,382,7,0,0.0,4.4,0.0,0.0,6711,19/04/2016,1,465,514
2347167796,21/04/2016,10080,6.8,6.8,0.0,1.9,1.5,3.4,0.0,23,26,208,761,2048,2048,761,208,26,23,0.0,3.4,1.5,1.9,10080,21/04/2016,1,460,484
2347167796,22/04/2016,7804,5.2,5.2,0.0,0.6,1.7,2.9,0.0,9,27,206,781,1946,1946,781,206,27,9,0.0,2.9,1.7,0.6,7804,22/04/2016,1,405,461
2347167796,23/04/2016,16901,11.4,11.4,0.0,2.8,1.5,7.2,0.0,32,35,360,591,2629,2629,591,360,35,32,0.0,7.2,1.5,2.8,16901,23/04/2016,1,374,386
2347167796,24/04/2016,9471,6.3,6.3,0.0,0.0,0.0,6.3,0.0,0,0,360,584,2187,2187,584,360,0,0,0.0,6.3,0.0,0.0,9471,24/04/2016,1,442,459
2347167796,25/04/2016,9482,6.4,6.4,0.0,1.3,0.5,4.6,0.0,15,11,277,653,2095,2095,653,277,11,15,0.0,4.6,0.5,1.3,9482,25/04/2016,1,433,471
2347167796,26/04/2016,5980,4.0,4.0,0.0,0.0,0.0,4.0,0.0,0,0,227,732,1861,1861,732,227,0,0,0.0,4.0,0.0,0.0,5980,26/04/2016,1,436,490
2347167796,27/04/2016,11423,7.6,7.6,0.0,1.9,0.4,5.3,0.0,26,9,295,623,2194,2194,623,295,9,26,0.0,5.3,0.4,1.9,11423,27/04/2016,1,448,499
2347167796,28/04/2016,5439,3.6,3.6,0.0,0.0,0.0,3.6,0.0,0,0,229,764,1854,1854,764,229,0,0,0.0,3.6,0.0,0.0,5439,28/04/2016,1,408,450
2347167796,29/04/2016,42,0.0,0.0,0.0,0.0,0.0,0.0,0.0,0,0,4,2,403,403,2,4,0,0,0.0,0.0,0.0,0.0,42,29/04/2016,1,411,473
3977333714,13/04/2016,10035,6.7,6.7,0.0,2.0,2.1,2.5,0.0,31,46,153,754,1495,1495,754,153,46,31,0.0,2.5,2.1,2.0,10035,13/04/2016,2,295,456
3977333714,14/04/2016,7641,5.1,5.1,0.0,0.3,1.0,3.8,0.0,5,23,214,801,1433,1433,801,214,23,5,0.0,3.8,1.0,0.3,7641,14/04/2016,1,291,397
3977333714,15/04/2016,9010,6.1,6.1,0.0,1.0,1.8,3.3,0.0,15,42,183,644,1468,1468,644,183,42,15,0.0,3.3,1.8,1.0,9010,15/04/2016,1,424,556
3977333714,16/04/2016,13459,9.0,9.0,0.0,2.0,4.0,3.0,0.0,31,83,153,663,1625,1625,663,153,83,31,0.0,3.0,4.0,2.0,13459,16/04/2016,1,283,510
3977333714,17/04/2016,10415,7.0,7.0,0.0,0.7,2.3,3.9,0.0,11,58,205,600,1529,1529,600,205,58,11,0.0,3.9,2.3,0.7,10415,17/04/2016,1,381,566
3977333714,18/04/2016,11663,7.8,7.8,0.0,0.3,3.7,3.8,0.0,4,95,214,605,1584,1584,605,214,95,4,0.0,3.8,3.7,0.3,11663,18/04/2016,2,412,522
3977333714,19/04/2016,12414,8.8,8.8,0.0,2.2,2.5,4.0,0.0,19,67,221,738,1638,1638,738,221,67,19,0.0,4.0,2.5,2.2,12414,19/04/2016,1,219,395
3977333714,20/04/2016,11658,7.8,7.8,0.0,0.2,4.3,3.3,0.0,2,98,164,845,1554,1554,845,164,98,2,0.0,3.3,4.3,0.2,11658,20/04/2016,2,152,305
3977333714,21/04/2016,6093,4.1,4.1,0.0,0.0,0.0,4.1,0.0,0,0,242,712,1397,1397,712,242,0,0,0.0,4.1,0.0,0.0,6093,21/04/2016,1,332,512
3977333714,22/04/2016,8911,6.0,6.0,0.0,2.3,0.6,3.1,0.0,33,12,188,731,1481,1481,731,188,12,33,0.0,3.1,0.6,2.3,8911,22/04/2016,1,355,476
3977333714,23/04/2016,12058,8.1,8.1,0.0,0.0,4.2,3.8,0.0,0,92,252,724,1638,1638,724,252,92,0,0.0,3.8,4.2,0.0,12058,23/04/2016,1,235,372
3977333714,24/04/2016,14112,10.0,10.0,0.0,3.3,4.6,2.2,0.0,30,95,129,660,1655,1655,660,129,95,30,0.0,2.2,4.6,3.3,14112,24/04/2016,1,310,526
3977333714,25/04/2016,11177,8.5,8.5,0.0,5.6,0.4,2.4,0.0,50,9,133,781,1570,1570,781,133,9,50,0.0,2.4,0.4,5.6,11177,25/04/2016,1,262,467
3977333714,26/04/2016,11388,7.6,7.6,0.0,0.4,4.2,3.0,0.0,7,95,170,797,1551,1551,797,170,95,7,0.0,3.0,4.2,0.4,11388,26/04/2016,1,250,371
3977333714,27/04/2016,7193,5.0,5.0,0.0,0.0,0.4,4.6,0.0,0,10,176,714,1377,1377,714,176,10,0,0.0,4.6,0.4,0.0,7193,27/04/2016,1,349,540
3977333714,28/04/2016,7114,4.9,4.9,0.0,1.4,0.3,3.2,0.0,15,8,190,804,1407,1407,804,190,8,15,0.0,3.2,0.3,1.4,7114,28/04/2016,1,261,423
3977333714,29/04/2016,10645,7.8,7.8,0.0,3.7,1.3,2.7,0.0,36,32,150,744,1545,1545,744,150,32,36,0.0,2.7,1.3,3.7,10645,29/04/2016,1,333,478
3977333714,30/04/2016,13238,9.2,9.2,0.0,3.7,2.1,3.4,0.0,43,52,194,687,1650,1650,687,194,52,43,0.0,3.4,2.1,3.7,13238,30/04/2016,1,237,382
3977333714,05/05/2016,12312,8.6,8.6,0.0,1.8,4.1,2.7,0.0,14,88,178,680,1618,1618,680,178,88,14,0.0,2.7,4.1,1.8,12312,05/05/2016,1,318,480
4020332650,16/04/2016,1982,1.4,1.4,0.0,0.4,0.4,0.6,0.0,65,21,55,1222,3051,3051,1222,55,21,65,0.0,0.6,0.4,0.4,1982,16/04/2016,1,77,77
4020332650,05/05/2016,11728,8.4,8.4,0.0,2.6,1.7,4.0,0.07,38,42,196,916,3429,3429,916,196,42,38,0.07,4.0,1.7,2.6,11728,05/05/2016,1,226,248
4319703577,14/04/2016,10210,6.9,6.9,0.0,0.1,0.3,6.4,0.0,1,9,339,589,2302,2302,589,339,9,1,0.0,6.4,0.3,0.1,10210,14/04/2016,1,535,557
4319703577,15/04/2016,5664,3.8,3.8,0.0,0.0,0.0,3.8,0.0,0,0,228,752,1985,1985,752,228,0,0,0.0,3.8,0.0,0.0,5664,15/04/2016,1,465,491
4319703577,16/04/2016,4744,3.2,3.2,0.0,0.0,0.0,3.2,0.0,0,0,194,724,1884,1884,724,194,0,0,0.0,3.2,0.0,0.0,4744,16/04/2016,1,506,522
4319703577,18/04/2016,2276,1.5,1.5,0.0,0.1,0.3,1.1,0.0,1,9,58,824,1632,1632,824,58,9,1,0.0,1.1,0.3,0.1,2276,18/04/2016,1,515,551
4319703577,19/04/2016,8925,6.0,6.0,0.0,0.0,0.0,6.0,0.0,0,0,311,604,2200,2200,604,311,0,0,0.0,6.0,0.0,0.0,8925,19/04/2016,2,461,498
4319703577,20/04/2016,8954,6.0,6.0,0.0,0.0,0.7,5.3,0.0,0,18,306,671,2220,2220,671,306,18,0,0.0,5.3,0.7,0.0,8954,20/04/2016,1,523,543
4319703577,21/04/2016,3702,2.5,2.5,0.0,0.0,0.0,0.3,0.0,0,0,34,1265,1792,1792,1265,34,0,0,0.0,0.3,0.0,0.0,3702,21/04/2016,1,59,65
4319703577,22/04/2016,4500,3.0,3.0,0.0,0.1,0.8,2.2,0.0,1,19,176,709,1886,1886,709,176,19,1,0.0,2.2,0.8,0.1,4500,22/04/2016,1,533,550
4319703577,23/04/2016,4935,3.3,3.3,0.0,0.0,0.0,3.3,0.0,0,0,233,546,1945,1945,546,233,0,0,0.0,3.3,0.0,0.0,4935,23/04/2016,1,692,722
4319703577,24/04/2016,4081,2.7,2.7,0.0,0.1,0.2,2.5,0.0,1,5,191,692,1880,1880,692,191,5,1,0.0,2.5,0.2,0.1,4081,24/04/2016,1,467,501
4319703577,25/04/2016,9259,6.2,6.2,0.0,0.0,0.3,5.9,0.0,0,8,390,544,2314,2314,544,390,8,0,0.0,5.9,0.3,0.0,9259,25/04/2016,1,488,506
4319703577,26/04/2016,9899,6.6,6.6,0.0,0.6,0.9,5.2,0.0,8,21,288,649,2236,2236,649,288,21,8,0.0,5.2,0.9,0.6,9899,26/04/2016,1,505,516
4319703577,27/04/2016,10780,7.2,7.2,0.0,0.4,1.9,4.9,0.0,6,47,300,680,2324,2324,680,300,47,6,0.0,4.9,1.9,0.4,10780,27/04/2016,1,286,307
4319703577,28/04/2016,10817,7.3,7.3,0.0,1.0,0.3,5.9,0.0,13,8,359,552,2367,2367,552,359,8,13,0.0,5.9,0.3,1.0,10817,28/04/2016,1,497,522
4319703577,29/04/2016,7990,5.4,5.4,0.0,0.4,0.8,4.1,0.0,6,18,289,624,2175,2175,624,289,18,6,0.0,4.1,0.8,0.4,7990,29/04/2016,1,523,546
4319703577,30/04/2016,8221,5.5,5.5,0.0,0.4,1.6,3.5,0.0,6,38,196,695,2092,2092,695,196,38,6,0.0,3.5,1.6,0.4,8221,30/04/2016,1,490,516
4388161847,15/04/2016,8758,6.7,6.7,0.0,0.0,0.0,6.7,0.0,0,0,299,837,3066,3066,837,299,0,0,0.0,6.7,0.0,0.0,8758,15/04/2016,1,499,526
4388161847,16/04/2016,6580,5.1,5.1,0.0,0.2,0.4,4.4,0.0,6,9,253,609,3073,3073,609,253,9,6,0.0,4.4,0.4,0.2,6580,16/04/2016,2,426,448
4388161847,17/04/2016,4660,3.6,3.6,0.0,0.0,0.0,3.6,0.0,0,0,201,721,2572,2572,721,201,0,0,0.0,3.6,0.0,0.0,4660,17/04/2016,2,619,641
4388161847,18/04/2016,11009,9.1,9.1,0.0,3.6,0.4,5.1,0.0,27,8,239,1017,3274,3274,1017,239,8,27,0.0,5.1,0.4,3.6,11009,18/04/2016,1,99,104
4388161847,19/04/2016,10181,7.8,7.8,0.0,1.4,0.7,5.8,0.0,20,16,249,704,3015,3015,704,249,16,20,0.0,5.8,0.7,1.4,10181,19/04/2016,1,329,338
4388161847,20/04/2016,10553,8.1,8.1,0.0,1.1,1.7,5.3,0.0,19,42,228,696,3083,3083,696,228,42,19,0.0,5.3,1.7,1.1,10553,20/04/2016,1,421,451
4388161847,21/04/2016,10055,7.7,7.7,0.0,0.4,0.4,7.0,0.0,7,12,272,853,3069,3069,853,272,12,7,0.0,7.0,0.4,0.4,10055,21/04/2016,1,442,458
4388161847,22/04/2016,12139,9.3,9.3,0.0,3.3,1.1,4.9,0.0,77,25,220,945,3544,3544,945,220,25,77,0.0,4.9,1.1,3.3,12139,22/04/2016,1,82,85
4388161847,23/04/2016,13236,10.2,10.2,0.0,4.5,0.3,5.3,0.0,58,5,215,749,3306,3306,749,215,5,58,0.0,5.3,0.3,4.5,13236,23/04/2016,1,478,501
4388161847,24/04/2016,10243,7.9,7.9,0.0,1.1,0.5,6.3,0.0,14,8,239,584,2885,2885,584,239,8,14,0.0,6.3,0.5,1.1,10243,24/04/2016,3,552,595
4388161847,26/04/2016,9461,7.3,7.3,0.0,0.9,1.1,5.3,0.0,14,23,224,673,2929,2929,673,224,23,14,0.0,5.3,1.1,0.9,9461,26/04/2016,1,319,346
4388161847,27/04/2016,11193,8.6,8.6,0.0,0.7,2.5,5.4,0.0,11,48,241,684,3074,3074,684,241,48,11,0.0,5.4,2.5,0.7,11193,27/04/2016,1,439,500
4388161847,28/04/2016,10074,7.8,7.8,0.0,1.3,0.4,6.0,0.0,19,9,234,878,2969,2969,878,234,9,19,0.0,6.0,0.4,1.3,10074,28/04/2016,1,428,458
4388161847,30/04/2016,12533,9.6,9.6,0.0,0.7,2.0,6.9,0.0,14,43,300,537,3283,3283,537,300,43,14,0.0,6.9,2.0,0.7,12533,30/04/2016,2,409,430
4388161847,05/05/2016,9603,7.4,7.4,0.0,0.6,1.7,5.1,0.0,12,39,199,896,2899,2899,896,199,39,12,0.0,5.1,1.7,0.6,9603,05/05/2016,1,471,495
4445114986,13/04/2016,2961,2.0,2.0,0.0,0.0,0.0,2.0,0.0,0,0,194,840,2095,2095,840,194,0,0,0.0,2.0,0.0,0.0,2961,13/04/2016,2,370,406
4445114986,14/04/2016,3974,2.7,2.7,0.0,0.0,0.0,2.7,0.0,0,0,231,717,2194,2194,717,231,0,0,0.0,2.7,0.0,0.0,3974,14/04/2016,1,441,492
4445114986,15/04/2016,7198,4.8,4.8,0.0,0.0,0.0,4.8,0.0,0,0,350,711,2496,2496,711,350,0,0,0.0,4.8,0.0,0.0,7198,15/04/2016,2,337,379
4445114986,16/04/2016,3945,2.7,2.7,0.0,0.0,0.0,2.7,0.0,0,0,225,716,2180,2180,716,225,0,0,0.0,2.7,0.0,0.0,3945,16/04/2016,1,462,499
4445114986,17/04/2016,2268,1.5,1.5,0.0,0.0,0.0,1.5,0.0,0,0,114,1219,1933,1933,1219,114,0,0,0.0,1.5,0.0,0.0,2268,17/04/2016,1,98,107
4445114986,19/04/2016,2064,1.4,1.4,0.0,0.0,0.0,1.4,0.0,0,0,121,895,1954,1954,895,121,0,0,0.0,1.4,0.0,0.0,2064,19/04/2016,2,388,424
4445114986,20/04/2016,2072,1.4,1.4,0.0,0.0,0.0,1.4,0.0,0,0,137,841,1974,1974,841,137,0,0,0.0,1.4,0.0,0.0,2072,20/04/2016,1,439,462
4445114986,21/04/2016,3809,2.6,2.6,0.0,0.0,0.0,2.5,0.0,0,0,215,756,2150,2150,756,215,0,0,0.0,2.5,0.0,0.0,3809,21/04/2016,1,436,469
4445114986,22/04/2016,6831,4.6,4.6,0.0,0.0,0.0,4.6,0.0,0,0,317,706,2432,2432,706,317,0,0,0.0,4.6,0.0,0.0,6831,22/04/2016,1,388,417
4445114986,25/04/2016,3385,2.3,2.3,0.0,0.0,0.0,2.3,0.0,0,0,179,916,2070,2070,916,179,0,0,0.0,2.3,0.0,0.0,3385,25/04/2016,1,328,345
4445114986,26/04/2016,6326,4.4,4.4,0.0,2.4,0.0,2.0,0.0,29,1,180,839,2291,2291,839,180,1,29,0.0,2.0,0.0,2.4,6326,26/04/2016,2,353,391
4445114986,27/04/2016,7243,5.0,5.0,0.0,2.6,0.0,2.4,0.0,32,1,194,839,2361,2361,839,194,1,32,0.0,2.4,0.0,2.6,7243,27/04/2016,1,332,374
4445114986,28/04/2016,4493,3.0,3.0,0.0,0.0,0.0,3.0,0.0,0,0,236,762,2203,2203,762,236,0,0,0.0,3.0,0.0,0.0,4493,28/04/2016,1,419,442
4445114986,29/04/2016,4676,3.1,3.1,0.0,0.0,0.0,3.1,0.0,0,0,226,1106,2196,2196,1106,226,0,0,0.0,3.1,0.0,0.0,4676,29/04/2016,1,106,108
4445114986,30/04/2016,6222,4.2,4.2,0.0,0.0,0.0,4.2,0.0,0,0,290,797,2363,2363,797,290,0,0,0.0,4.2,0.0,0.0,6222,30/04/2016,1,322,353
4445114986,05/05/2016,3800,2.5,2.5,0.0,0.1,0.2,2.2,0.0,2,6,185,734,2120,2120,734,185,6,2,0.0,2.2,0.2,0.1,3800,05/05/2016,2,462,513
4558609924,21/04/2016,13743,9.1,9.1,0.0,0.4,1.0,7.7,0.0,6,21,432,844,2486,2486,844,432,21,6,0.0,7.7,1.0,0.4,13743,21/04/2016,1,126,137
4558609924,26/04/2016,9148,6.1,6.1,0.0,0.4,2.0,3.6,0.0,12,41,283,1062,2223,2223,1062,283,41,12,0.0,3.6,2.0,0.4,9148,26/04/2016,1,103,121
4558609924,29/04/2016,7833,5.2,5.2,0.0,1.0,1.9,2.3,0.0,15,29,197,1096,1918,1918,1096,197,29,15,0.0,2.3,1.9,1.0,7833,29/04/2016,1,171,179
4702921684,13/04/2016,6877,5.6,5.6,0.0,0.0,0.0,5.6,0.0,0,0,258,777,2898,2898,777,258,0,0,0.0,5.6,0.0,0.0,6877,13/04/2016,2,400,430
4702921684,14/04/2016,7860,6.4,6.4,0.0,0.0,0.0,6.4,0.0,0,0,271,772,2984,2984,772,271,0,0,0.0,6.4,0.0,0.0,7860,14/04/2016,1,384,415
4702921684,15/04/2016,6506,5.3,5.3,0.0,0.1,0.4,4.8,0.0,1,8,256,944,2896,2896,944,256,8,1,0.0,4.8,0.4,0.1,6506,15/04/2016,1,253,257
4702921684,16/04/2016,11140,9.0,9.0,0.0,0.2,1.3,7.5,0.0,3,24,335,556,3328,3328,556,335,24,3,0.0,7.5,1.3,0.2,11140,16/04/2016,2,382,406
4702921684,17/04/2016,12692,10.3,10.3,0.0,1.0,3.5,5.9,0.0,12,66,302,437,3394,3394,437,302,66,12,0.0,5.9,3.5,1.0,12692,17/04/2016,1,591,612
4702921684,18/04/2016,9105,7.4,7.4,0.0,1.8,1.5,4.1,0.0,22,30,191,890,3013,3013,890,191,30,22,0.0,4.1,1.5,1.8,9105,18/04/2016,1,293,312
4702921684,19/04/2016,6708,5.4,5.4,0.0,0.9,0.4,4.2,0.0,10,8,179,757,2812,2812,757,179,8,10,0.0,4.2,0.4,0.9,6708,19/04/2016,1,457,487
4702921684,20/04/2016,8793,7.1,7.1,0.0,0.2,1.2,5.7,0.0,2,29,260,717,3061,3061,717,260,29,2,0.0,5.7,1.2,0.2,8793,20/04/2016,1,454,468
4702921684,21/04/2016,6530,5.3,5.3,0.0,0.3,2.0,2.9,0.0,4,41,144,901,2729,2729,901,144,41,4,0.0,2.9,2.0,0.3,6530,21/04/2016,1,425,434
4702921684,23/04/2016,15126,12.3,12.3,0.0,0.8,3.2,8.3,0.0,9,66,408,469,3691,3691,469,408,66,9,0.0,8.3,3.2,0.8,15126,23/04/2016,1,465,475
4702921684,24/04/2016,15050,12.2,12.2,0.0,1.2,5.1,5.9,0.0,15,95,281,542,3538,3538,542,281,95,15,0.0,5.9,5.1,1.2,15050,24/04/2016,1,480,506
4702921684,25/04/2016,9167,7.4,7.4,0.0,0.5,0.8,6.1,0.0,6,15,270,730,3064,3064,730,270,15,6,0.0,6.1,0.8,0.5,9167,25/04/2016,1,370,380
4702921684,26/04/2016,6108,4.9,4.9,0.0,0.1,0.3,4.5,0.0,1,8,216,765,2784,2784,765,216,8,1,0.0,4.5,0.3,0.1,6108,26/04/2016,1,421,429
4702921684,27/04/2016,7047,5.7,5.7,0.0,0.1,0.8,4.8,0.0,1,16,238,733,2908,2908,733,238,16,1,0.0,4.8,0.8,0.1,7047,27/04/2016,1,432,449
4702921684,28/04/2016,9023,7.3,7.3,0.0,1.1,0.4,5.8,0.0,14,9,232,738,3033,3033,738,232,9,14,0.0,5.8,0.4,1.1,9023,28/04/2016,1,442,461
4702921684,29/04/2016,9930,8.1,8.1,0.0,1.1,0.9,6.1,0.0,12,19,267,692,3165,3165,692,267,19,12,0.0,6.1,0.9,1.1,9930,29/04/2016,1,433,447
4702921684,30/04/2016,10144,8.2,8.2,0.0,0.3,2.0,5.9,0.0,4,36,263,728,3115,3115,728,263,36,4,0.0,5.9,2.0,0.3,10144,30/04/2016,1,479,501
4702921684,05/05/2016,8614,7.0,7.0,0.0,0.7,0.2,6.1,0.0,8,5,241,745,3006,3006,745,241,5,8,0.0,6.1,0.2,0.7,8614,05/05/2016,1,414,428
5553957443,13/04/2016,4832,3.2,3.2,0.0,0.0,0.0,3.2,0.0,0,0,226,647,1718,1718,647,226,0,0,0.0,3.2,0.0,0.0,4832,13/04/2016,2,455,488
5553957443,14/04/2016,17022,11.1,11.1,0.0,4.0,2.5,4.7,0.0,61,41,256,693,2324,2324,693,256,41,61,0.0,4.7,2.5,4.0,17022,14/04/2016,1,357,418
5553957443,15/04/2016,16556,10.9,10.9,0.0,4.2,2.0,4.7,0.0,58,38,239,689,2254,2254,689,239,38,58,0.0,4.7,2.0,4.2,16556,15/04/2016,1,377,409
5553957443,16/04/2016,5771,3.8,3.8,0.0,0.0,0.0,3.8,0.0,0,0,288,521,1831,1831,521,288,0,0,0.0,3.8,0.0,0.0,5771,16/04/2016,2,651,686
5553957443,17/04/2016,655,0.4,0.4,0.0,0.0,0.0,0.4,0.0,0,0,46,943,1397,1397,943,46,0,0,0.0,0.4,0.0,0.0,655,17/04/2016,1,350,402
5553957443,18/04/2016,3727,2.4,2.4,0.0,0.0,0.0,2.4,0.0,0,0,206,622,1683,1683,622,206,0,0,0.0,2.4,0.0,0.0,3727,18/04/2016,2,520,541
5553957443,19/04/2016,15482,10.1,10.1,0.0,4.3,1.7,4.2,0.0,69,28,249,756,2284,2284,756,249,28,69,0.0,4.2,1.7,4.3,15482,19/04/2016,1,357,410
5553957443,20/04/2016,2713,1.8,1.8,0.0,0.0,0.0,1.8,0.0,0,0,148,598,1570,1570,598,148,0,0,0.0,1.8,0.0,0.0,2713,20/04/2016,1,658,678
5553957443,21/04/2016,12346,8.1,8.1,0.0,3.0,2.2,3.0,0.0,47,42,177,801,2066,2066,801,177,42,47,0.0,3.0,2.2,3.0,12346,21/04/2016,1,399,431
5553957443,22/04/2016,11682,7.6,7.6,0.0,1.4,0.6,5.6,0.0,25,16,270,781,2105,2105,781,270,16,25,0.0,5.6,0.6,1.4,11682,22/04/2016,1,322,353
5553957443,23/04/2016,4112,2.7,2.7,0.0,0.0,0.0,2.7,0.0,0,0,272,443,1776,1776,443,272,0,0,0.0,2.7,0.0,0.0,4112,23/04/2016,2,631,725
5553957443,24/04/2016,1807,1.2,1.2,0.0,0.0,0.0,1.2,0.0,0,0,104,582,1507,1507,582,104,0,0,0.0,1.2,0.0,0.0,1807,24/04/2016,2,553,640
5553957443,25/04/2016,10946,7.2,7.2,0.0,2.9,0.6,3.7,0.0,51,11,201,732,2033,2033,732,201,11,51,0.0,3.7,0.6,2.9,10946,25/04/2016,1,433,468
5553957443,26/04/2016,11886,7.8,7.8,0.0,2.4,0.9,4.5,0.0,40,18,238,750,2093,2093,750,238,18,40,0.0,4.5,0.9,2.4,11886,26/04/2016,1,412,453
5553957443,27/04/2016,10538,6.9,6.9,0.0,1.1,1.0,4.7,0.0,16,16,206,745,1922,1922,745,206,16,16,0.0,4.7,1.0,1.1,10538,27/04/2016,1,347,391
5553957443,28/04/2016,11393,7.6,7.6,0.0,3.7,0.8,3.2,0.0,49,13,165,727,1999,1999,727,165,13,49,0.0,3.2,0.8,3.7,11393,28/04/2016,1,421,457
5553957443,29/04/2016,12764,8.3,8.3,0.0,2.8,0.6,4.9,0.0,46,15,270,709,2169,2169,709,270,15,46,0.0,4.9,0.6,2.8,12764,29/04/2016,1,450,495
5553957443,30/04/2016,1202,0.8,0.8,0.0,0.0,0.0,0.8,0.0,0,0,84,506,1463,1463,506,84,0,0,0.0,0.8,0.0,0.0,1202,30/04/2016,2,775,843
5553957443,05/05/2016,14331,9.5,9.5,0.0,3.4,1.7,4.4,0.0,44,29,241,692,2156,2156,692,241,29,44,0.0,4.4,1.7,3.4,14331,05/05/2016,1,419,464
5577150313,13/04/2016,5077,3.8,3.8,0.0,0.3,0.2,3.3,0.0,15,11,144,776,2551,2551,776,144,11,15,0.0,3.3,0.2,0.3,5077,13/04/2016,1,432,458
5577150313,14/04/2016,8596,6.4,6.4,0.0,3.3,0.3,2.8,0.0,118,30,176,662,4022,4022,662,176,30,118,0.0,2.8,0.3,3.3,8596,14/04/2016,1,477,497
5577150313,15/04/2016,12087,9.1,9.1,0.0,3.9,1.6,3.6,0.0,115,54,199,695,4005,4005,695,199,54,115,0.0,3.6,1.6,3.9,12087,15/04/2016,1,392,413
5577150313,16/04/2016,14269,10.7,10.7,0.0,6.6,1.3,2.7,0.0,184,56,158,472,4274,4274,472,158,56,184,0.0,2.7,1.3,6.6,14269,16/04/2016,1,406,445
5577150313,17/04/2016,12231,9.1,9.1,0.0,6.0,0.8,2.3,0.0,200,37,159,525,4552,4552,525,159,37,200,0.0,2.3,0.8,6.0,12231,17/04/2016,1,549,583
5577150313,18/04/2016,9893,7.4,7.4,0.0,4.9,0.7,1.8,0.0,114,32,130,623,3625,3625,623,130,32,114,0.0,1.8,0.7,4.9,9893,18/04/2016,1,527,553
5577150313,19/04/2016,12574,9.4,9.4,0.0,7.0,0.6,1.8,0.0,108,23,111,733,3501,3501,733,111,23,108,0.0,1.8,0.6,7.0,12574,19/04/2016,1,449,465
5577150313,20/04/2016,8330,6.2,6.2,0.0,4.1,0.3,1.8,0.0,87,16,113,773,3192,3192,773,113,16,87,0.0,1.8,0.3,4.1,8330,20/04/2016,1,447,480
5577150313,21/04/2016,10830,8.1,8.1,0.0,3.7,1.7,2.8,0.0,110,74,175,670,4018,4018,670,175,74,110,0.0,2.8,1.7,3.7,10830,21/04/2016,1,414,437
5577150313,22/04/2016,9172,6.8,6.8,0.0,2.4,0.8,3.3,0.0,62,30,200,823,3329,3329,823,200,30,62,0.0,3.3,0.8,2.4,9172,22/04/2016,1,338,366
5577150313,23/04/2016,7638,5.7,5.7,0.0,1.2,0.4,4.1,0.0,24,24,223,627,3152,3152,627,223,24,24,0.0,4.1,0.4,1.2,7638,23/04/2016,1,384,402
5577150313,24/04/2016,15764,11.8,11.8,0.0,7.7,2.2,2.0,0.0,210,65,141,425,4392,4392,425,141,65,210,0.0,2.0,2.2,7.7,15764,24/04/2016,1,543,615
5577150313,25/04/2016,6393,4.8,4.8,0.0,1.4,0.7,2.8,0.0,61,38,214,743,3374,3374,743,214,38,61,0.0,2.8,0.7,1.4,6393,25/04/2016,1,421,461
5577150313,26/04/2016,5325,4.0,4.0,0.0,0.9,0.6,2.5,0.0,38,32,181,759,3088,3088,759,181,32,38,0.0,2.5,0.6,0.9,5325,26/04/2016,1,354,377
5577150313,27/04/2016,6805,5.1,5.1,0.0,1.8,0.4,2.9,0.0,63,16,190,773,3294,3294,773,190,16,63,0.0,2.9,0.4,1.8,6805,27/04/2016,1,424,452
5577150313,28/04/2016,9841,7.4,7.4,0.0,3.3,1.2,3.0,0.0,99,51,141,692,3580,3580,692,141,51,99,0.0,3.0,1.2,3.3,9841,28/04/2016,1,361,372
5577150313,29/04/2016,7924,5.9,5.9,0.0,2.8,0.6,2.5,0.0,97,36,165,739,3544,3544,739,165,36,97,0.0,2.5,0.6,2.8,7924,29/04/2016,1,459,485
5577150313,30/04/2016,12363,9.2,9.2,0.0,5.8,0.8,2.6,0.0,207,45,163,621,4501,4501,621,163,45,207,0.0,2.6,0.8,5.8,12363,30/04/2016,1,412,433
5577150313,05/05/2016,7550,5.6,5.6,0.0,2.5,0.5,2.7,0.0,45,21,143,1153,3004,3004,1153,143,21,45,0.0,2.7,0.5,2.5,7550,05/05/2016,1,74,78
6117666160,16/04/2016,14450,10.9,10.9,0.0,0.6,0.9,9.5,0.0,7,15,518,502,2828,2828,502,518,15,7,0.0,9.5,0.9,0.6,14450,16/04/2016,1,380,398
6117666160,17/04/2016,7150,5.4,5.4,0.0,0.0,0.0,5.4,0.0,0,0,312,702,2225,2225,702,312,0,0,0.0,5.4,0.0,0.0,7150,17/04/2016,2,336,350
6117666160,18/04/2016,5153,3.9,3.9,0.0,0.0,0.0,3.9,0.0,0,0,241,759,2018,2018,759,241,0,0,0.0,3.9,0.0,0.0,5153,18/04/2016,2,493,510
6117666160,19/04/2016,11135,8.4,8.4,0.0,0.0,0.0,8.4,0.0,0,0,480,425,2606,2606,425,480,0,0,0.0,8.4,0.0,0.0,11135,19/04/2016,1,465,492
6117666160,20/04/2016,10449,8.0,8.0,0.0,2.0,0.5,5.5,0.0,26,10,349,587,2536,2536,587,349,10,26,0.0,5.5,0.5,2.0,10449,20/04/2016,1,474,502
6117666160,21/04/2016,19542,15.0,15.0,0.0,1.0,0.4,5.6,0.0,11,19,294,579,4900,4900,579,294,19,11,0.0,5.6,0.4,1.0,19542,21/04/2016,1,508,550
6117666160,22/04/2016,8206,6.2,6.2,0.0,0.0,0.0,6.2,0.0,0,0,402,413,2409,2409,413,402,0,0,0.0,6.2,0.0,0.0,8206,22/04/2016,1,480,546
6117666160,23/04/2016,11495,8.7,8.7,0.0,0.0,0.0,8.7,0.0,0,0,512,468,2651,2651,468,512,0,0,0.0,8.7,0.0,0.0,11495,23/04/2016,1,492,539
6117666160,24/04/2016,7623,5.8,5.8,0.0,0.0,0.0,5.8,0.0,0,0,362,711,2305,2305,711,362,0,0,0.0,5.8,0.0,0.0,7623,24/04/2016,1,353,367
6117666160,27/04/2016,9411,7.1,7.1,0.0,0.0,0.0,7.1,0.0,0,0,458,417,2576,2576,417,458,0,0,0.0,7.1,0.0,0.0,9411,27/04/2016,1,542,557
6117666160,28/04/2016,3403,2.6,2.6,0.0,0.0,0.0,2.6,0.0,0,0,141,758,1879,1879,758,141,0,0,0.0,2.6,0.0,0.0,3403,28/04/2016,1,393,416
6117666160,29/04/2016,9592,7.2,7.2,0.0,0.0,0.0,7.2,0.0,0,0,461,479,2560,2560,479,461,0,0,0.0,7.2,0.0,0.0,9592,29/04/2016,1,600,636
6117666160,05/05/2016,9799,7.4,7.4,0.0,0.0,0.0,7.4,0.0,0,0,487,479,2636,2636,479,487,0,0,0.0,7.4,0.0,0.0,9799,05/05/2016,1,392,415
6775888955,13/04/2016,4053,2.9,2.9,0.0,1.1,0.6,1.2,0.0,17,18,85,1053,2400,2400,1053,85,18,17,0.0,1.2,0.6,1.1,4053,13/04/2016,1,235,260
6775888955,14/04/2016,5162,3.7,3.7,0.0,0.9,0.9,2.0,0.0,14,24,105,863,2507,2507,863,105,24,14,0.0,2.0,0.9,0.9,5162,14/04/2016,1,423,441
6775888955,15/04/2016,1282,0.9,0.9,0.0,0.0,0.0,0.9,0.0,0,0,58,976,2127,2127,976,58,0,0,0.0,0.9,0.0,0.0,1282,15/04/2016,1,391,406
6962181067,13/04/2016,5652,3.7,3.7,0.0,0.6,1.2,2.0,0.0,8,24,142,548,1718,1718,548,142,24,8,0.0,2.0,1.2,0.6,5652,13/04/2016,3,630,679
6962181067,14/04/2016,1551,1.0,1.0,0.0,0.0,0.0,1.0,0.0,0,0,86,862,1466,1466,862,86,0,0,0.0,1.0,0.0,0.0,1551,14/04/2016,2,508,535
6962181067,15/04/2016,5563,3.7,3.7,0.0,0.0,0.0,3.7,0.0,0,0,217,837,1756,1756,837,217,0,0,0.0,3.7,0.0,0.0,5563,15/04/2016,1,370,386
6962181067,16/04/2016,13217,8.7,8.7,0.0,3.7,0.2,4.9,0.0,50,3,280,741,2173,2173,741,280,3,50,0.0,4.9,0.2,3.7,13217,16/04/2016,1,357,366
6962181067,17/04/2016,10145,6.7,6.7,0.0,0.3,0.7,5.7,0.0,5,13,295,634,2027,2027,634,295,13,5,0.0,5.7,0.7,0.3,10145,17/04/2016,1,427,446
6962181067,18/04/2016,11404,7.5,7.5,0.0,0.8,2.4,4.3,0.0,13,42,238,689,2039,2039,689,238,42,13,0.0,4.3,2.4,0.8,11404,18/04/2016,1,442,458
6962181067,19/04/2016,10742,7.1,7.1,0.0,2.1,2.1,2.9,0.0,35,41,195,659,2046,2046,659,195,41,35,0.0,2.9,2.1,2.1,10742,19/04/2016,1,476,535
6962181067,20/04/2016,13928,9.6,9.6,0.0,4.3,0.2,5.1,0.0,48,4,297,639,2174,2174,639,297,4,48,0.0,5.1,0.2,4.3,13928,20/04/2016,1,418,424
6962181067,21/04/2016,11835,9.7,7.9,4.1,4.0,2.1,3.5,0.11,53,27,214,708,2179,2179,708,214,27,53,0.11,3.5,2.1,4.0,11835,21/04/2016,1,451,457
6962181067,22/04/2016,10725,7.1,7.1,0.0,1.8,1.5,3.8,0.0,30,33,240,659,2086,2086,659,240,33,30,0.0,3.8,1.5,1.8,10725,22/04/2016,1,425,435
6962181067,23/04/2016,20031,13.2,13.2,0.0,4.2,2.0,7.0,0.0,58,41,347,484,2571,2571,484,347,41,58,0.0,7.0,2.0,4.2,20031,23/04/2016,1,528,546
6962181067,24/04/2016,5029,3.3,3.3,0.0,0.0,0.0,3.3,0.0,0,0,199,720,1705,1705,720,199,0,0,0.0,3.3,0.0,0.0,5029,24/04/2016,1,511,514
6962181067,25/04/2016,13239,9.3,9.1,2.8,3.0,1.7,4.5,0.1,35,31,282,637,2194,2194,637,282,31,35,0.1,4.5,1.7,3.0,13239,25/04/2016,1,400,415
6962181067,26/04/2016,10433,6.9,6.9,0.0,2.6,0.4,3.9,0.0,36,7,254,680,2012,2012,680,254,7,36,0.0,3.9,0.4,2.6,10433,26/04/2016,1,441,446
6962181067,27/04/2016,10320,6.8,6.8,0.0,0.6,2.0,4.3,0.0,7,38,279,697,2034,2034,697,279,38,7,0.0,4.3,2.0,0.6,10320,27/04/2016,1,455,467
6962181067,28/04/2016,12627,8.4,8.4,0.0,2.5,0.2,5.6,0.0,38,8,288,621,2182,2182,621,288,8,38,0.0,5.6,0.2,2.5,12627,28/04/2016,1,440,453
6962181067,29/04/2016,10762,7.1,7.1,0.0,0.8,0.5,5.8,0.0,12,15,369,645,2254,2254,645,369,15,12,0.0,5.8,0.5,0.8,10762,29/04/2016,1,433,447
6962181067,30/04/2016,10081,6.7,6.7,0.0,2.2,0.8,3.7,0.0,32,16,237,731,2002,2002,731,237,16,32,0.0,3.7,0.8,2.2,10081,30/04/2016,1,422,424
6962181067,05/05/2016,10524,7.0,7.0,0.0,1.0,1.2,4.8,0.0,14,22,305,591,2066,2066,591,305,22,14,0.0,4.8,1.2,1.0,10524,05/05/2016,1,467,491
7007744171,16/04/2016,4631,3.1,3.1,0.0,0.0,0.0,3.1,0.0,0,0,203,1155,2076,2076,1155,203,0,0,0.0,3.1,0.0,0.0,4631,16/04/2016,1,79,82
7086361926,13/04/2016,5813,3.6,3.6,0.0,0.6,0.2,2.8,0.0,31,26,155,744,2516,2516,744,155,26,31,0.0,2.8,0.2,0.6,5813,13/04/2016,1,451,465
7086361926,14/04/2016,9123,6.1,6.1,0.0,2.0,0.3,3.7,0.0,35,32,189,787,2734,2734,787,189,32,35,0.0,3.7,0.3,2.0,9123,14/04/2016,1,472,476
7086361926,15/04/2016,8585,5.7,5.7,0.0,2.0,1.1,2.5,0.0,30,21,139,864,2395,2395,864,139,21,30,0.0,2.5,1.1,2.0,8585,15/04/2016,1,377,386
7086361926,19/04/2016,10688,7.3,7.3,0.0,3.5,1.2,2.5,0.0,67,69,124,671,2944,2944,671,124,69,67,0.0,2.5,1.2,3.5,10688,19/04/2016,1,472,483
7086361926,20/04/2016,14365,10.6,10.6,0.0,7.6,0.4,2.5,0.0,87,13,145,797,2997,2997,797,145,13,87,0.0,2.5,0.4,7.6,14365,20/04/2016,1,492,502
7086361926,21/04/2016,9469,6.2,6.2,0.0,1.4,0.3,4.5,0.0,19,6,206,758,2463,2463,758,206,6,19,0.0,4.5,0.3,1.4,9469,21/04/2016,1,390,411
7086361926,22/04/2016,9753,6.5,6.5,0.0,2.9,1.0,2.7,0.0,58,59,153,762,2846,2846,762,153,59,58,0.0,2.7,1.0,2.9,9753,22/04/2016,1,428,448
7086361926,24/04/2016,3520,2.2,2.2,0.0,0.0,0.0,2.2,0.0,0,0,125,566,2049,2049,566,125,0,0,0.0,2.2,0.0,0.0,3520,24/04/2016,1,681,704
7086361926,25/04/2016,10091,6.8,6.8,0.0,3.8,0.7,2.4,0.0,69,39,129,706,2752,2752,706,129,39,69,0.0,2.4,0.7,3.8,10091,25/04/2016,1,446,447
7086361926,26/04/2016,10387,7.1,7.1,0.0,4.2,0.8,2.1,0.0,70,33,132,726,2781,2781,726,132,33,70,0.0,2.1,0.8,4.2,10387,26/04/2016,1,485,500
7086361926,27/04/2016,11107,8.3,8.3,0.0,5.6,0.2,2.5,0.0,55,6,145,829,2693,2693,829,145,6,55,0.0,2.5,0.2,5.6,11107,27/04/2016,1,469,479
7086361926,28/04/2016,11584,7.8,7.8,0.0,2.8,1.6,3.4,0.0,54,48,161,810,2862,2862,810,161,48,54,0.0,3.4,1.6,2.8,11584,28/04/2016,1,354,367
7086361926,30/04/2016,14560,9.4,9.4,0.0,3.1,1.0,5.2,0.0,42,17,308,584,2995,2995,584,308,17,42,0.0,5.2,1.0,3.1,14560,30/04/2016,1,485,489
8053475328,20/04/2016,15108,12.2,12.2,0.0,9.6,0.2,2.4,0.0,89,5,158,695,3043,3043,695,158,5,89,0.0,2.4,0.2,9.6,15108,20/04/2016,1,486,493
8053475328,23/04/2016,22359,17.2,17.2,0.0,12.5,0.6,4.0,0.0,125,14,223,741,3554,3554,741,223,14,125,0.0,4.0,0.6,12.5,22359,23/04/2016,1,331,337
8378563200,13/04/2016,12386,9.8,9.8,2.1,5.0,0.6,4.2,0.0,116,14,169,680,4079,4079,680,169,14,116,0.0,4.2,0.6,5.0,12386,13/04/2016,2,447,487
8378563200,14/04/2016,13318,10.6,10.6,2.3,5.6,1.0,3.9,0.0,123,21,174,699,4163,4163,699,174,21,123,0.0,3.9,1.0,5.6,13318,14/04/2016,1,424,455
8378563200,15/04/2016,14461,11.5,11.5,0.0,4.9,1.1,5.4,0.0,60,23,190,729,3666,3666,729,190,23,60,0.0,5.4,1.1,4.9,14461,15/04/2016,1,513,533
8378563200,16/04/2016,11207,8.9,8.9,0.0,5.4,1.1,2.4,0.0,64,21,142,563,3363,3363,563,142,21,64,0.0,2.4,1.1,5.4,11207,16/04/2016,2,611,689
8378563200,17/04/2016,2132,1.7,1.7,0.0,0.0,0.0,1.7,0.0,0,0,93,599,2572,2572,599,93,0,0,0.0,1.7,0.0,0.0,2132,17/04/2016,2,525,591
8378563200,18/04/2016,13630,10.8,10.8,2.1,5.1,0.6,5.2,0.0,117,10,174,720,4157,4157,720,174,10,117,0.0,5.2,0.6,5.1,13630,18/04/2016,1,398,451
8378563200,19/04/2016,13070,10.4,10.4,2.3,5.3,0.9,4.2,0.0,120,19,154,737,4092,4092,737,154,19,120,0.0,4.2,0.9,5.3,13070,19/04/2016,1,387,421
8378563200,20/04/2016,9388,7.4,7.4,2.1,2.2,0.4,4.8,0.0,82,8,169,763,3787,3787,763,169,8,82,0.0,4.8,0.4,2.2,9388,20/04/2016,1,381,409
8378563200,21/04/2016,15148,12.0,12.0,2.3,6.9,0.8,4.3,0.0,137,16,145,677,4236,4236,677,145,16,137,0.0,4.3,0.8,6.9,15148,21/04/2016,1,396,417
8378563200,22/04/2016,12200,9.7,9.7,2.1,4.9,0.6,4.2,0.0,113,12,159,769,4044,4044,769,159,12,113,0.0,4.2,0.6,4.9,12200,22/04/2016,1,441,469
8378563200,23/04/2016,5709,4.5,4.5,0.0,1.5,0.5,2.5,0.0,19,10,136,740,2908,2908,740,136,10,19,0.0,2.5,0.5,1.5,5709,23/04/2016,1,565,591
8378563200,24/04/2016,3703,2.9,2.9,0.0,0.0,0.0,2.9,0.0,0,0,135,734,2741,2741,734,135,0,0,0.0,2.9,0.0,0.0,3703,24/04/2016,1,458,492
8378563200,25/04/2016,12405,9.8,9.8,2.1,5.1,0.9,3.9,0.0,117,16,141,692,4005,4005,692,141,16,117,0.0,3.9,0.9,5.1,12405,25/04/2016,1,388,402
8378563200,26/04/2016,16208,12.9,12.9,0.0,7.5,0.9,4.4,0.0,90,18,161,593,3763,3763,593,161,18,90,0.0,4.4,0.9,7.5,16208,26/04/2016,1,550,584
8378563200,27/04/2016,7359,5.8,5.8,0.0,0.3,0.2,5.3,0.0,4,4,192,676,3061,3061,676,192,4,4,0.0,5.3,0.2,0.3,7359,27/04/2016,1,531,600
8378563200,28/04/2016,5417,4.3,4.3,0.0,0.9,0.5,2.9,0.0,11,10,139,711,2884,2884,711,139,10,11,0.0,2.9,0.5,0.9,5417,28/04/2016,1,506,556
8378563200,29/04/2016,6175,4.9,4.9,0.0,0.3,0.4,4.3,0.0,3,7,172,767,2982,2982,767,172,7,3,0.0,4.3,0.4,0.3,6175,29/04/2016,1,527,562
8378563200,30/04/2016,2946,2.3,2.3,0.0,0.0,0.0,2.3,0.0,0,0,121,780,2660,2660,780,121,0,0,0.0,2.3,0.0,0.0,2946,30/04/2016,1,468,555
8378563200,05/05/2016,8567,6.8,6.8,2.3,0.9,0.2,5.7,0.0,66,3,214,764,3783,3783,764,214,3,66,0.0,5.7,0.2,0.9,8567,05/05/2016,1,381,417
8792009665,13/04/2016,1320,0.8,0.8,0.0,0.0,0.0,0.8,0.0,0,0,82,806,1934,1934,806,82,0,0,0.0,0.8,0.0,0.0,1320,13/04/2016,1,531,552
8792009665,14/04/2016,1219,0.8,0.8,0.0,0.0,0.0,0.8,0.0,0,0,84,853,1963,1963,853,84,0,0,0.0,0.8,0.0,0.0,1219,14/04/2016,1,486,503
8792009665,15/04/2016,2483,1.6,1.6,0.0,0.0,0.0,1.6,0.0,0,0,126,937,2009,2009,937,126,0,0,0.0,1.6,0.0,0.0,2483,15/04/2016,1,363,377
8792009665,20/04/2016,3147,2.0,2.0,0.0,0.0,0.3,1.7,0.0,0,10,139,744,2188,2188,744,139,10,0,0.0,1.7,0.3,0.0,3147,20/04/2016,1,528,547
8792009665,22/04/2016,4068,2.6,2.6,0.0,0.1,0.3,2.3,0.0,1,20,195,817,2419,2419,817,195,20,1,0.0,2.3,0.3,0.1,4068,22/04/2016,1,391,407
8792009665,23/04/2016,5245,3.4,3.4,0.0,0.2,0.4,2.8,0.0,8,45,232,795,2748,2748,795,232,45,8,0.0,2.8,0.4,0.2,5245,23/04/2016,1,339,360
8792009665,27/04/2016,1758,1.1,1.1,0.0,0.0,0.0,1.1,0.0,0,0,112,900,2067,2067,900,112,0,0,0.0,1.1,0.0,0.0,1758,27/04/2016,1,423,428
8792009665,28/04/2016,6157,3.9,3.9,0.0,0.0,0.0,3.9,0.0,0,0,310,714,2780,2780,714,310,0,0,0.0,3.9,0.0,0.0,6157,28/04/2016,1,402,416
8792009665,29/04/2016,8360,5.3,5.3,0.0,0.1,0.3,4.9,0.0,6,14,380,634,3101,3101,634,380,14,6,0.0,4.9,0.3,0.1,8360,29/04/2016,1,398,406
8792009665,30/04/2016,7174,4.6,4.6,0.0,0.3,0.4,3.9,0.0,10,20,301,749,2896,2896,749,301,20,10,0.0,3.9,0.4,0.3,7174,30/04/2016,1,343,360
